vv_folder	tv_folder	relpath	state	tv_lines	vv_lines	diff_lines	tv_ver	vv_ver
42__System__DrawingViewCore	40__System__DrawingViewCore	Na__DrawView__ActiveView__.js	header-only	417	432	21	1.0.0	1.0.0
42__System__DrawingViewCore	40__System__DrawingViewCore	Na__DrawView__AppConfig__.json	header-only	49	48	5		
42__System__DrawingViewCore	40__System__DrawingViewCore	Na__DrawView__ComposerPreset__.js	vv-only		534			1.3.0
42__System__DrawingViewCore	40__System__DrawingViewCore	Na__DrawView__ConfigState__.js	header-only	326	309	35	1.0.1	1.0.0
42__System__DrawingViewCore	40__System__DrawingViewCore	Na__DrawView__DevRowShell__.js	tv-only	486			1.0.0	
42__System__DrawingViewCore	40__System__DrawingViewCore	Na__DrawView__DraftGuard__.js	tv-only	491			1.0.0	
42__System__DrawingViewCore	40__System__DrawingViewCore	Na__DrawView__DraftMaths__.js	tv-only	246			1.0.0	
42__System__DrawingViewCore	40__System__DrawingViewCore	Na__DrawView__DrawingUsage__.js	tv-only	156			1.0.0	
42__System__DrawingViewCore	40__System__DrawingViewCore	Na__DrawView__MarkupFocus__.js	header-only	266	270	20	1.1.0	1.1.0
42__System__DrawingViewCore	40__System__DrawingViewCore	Na__DrawView__MarkupMount__.js	drifted	405	423	54	1.0.0	1.0.0
42__System__DrawingViewCore	40__System__DrawingViewCore	Na__DrawView__MaterialPreset__.js	drifted	357	340	45	1.1.0	1.1.0
42__System__DrawingViewCore	40__System__DrawingViewCore	Na__DrawView__Navigation__.js	header-only	478	493	17	1.0.0	1.0.0
42__System__DrawingViewCore	40__System__DrawingViewCore	Na__DrawView__ProfileLines__.js	tv-only	738			1.0.0	
42__System__DrawingViewCore	40__System__DrawingViewCore	Na__DrawView__ProjectData__.js	drifted	976	496	742	1.6.0	1.2.0
42__System__DrawingViewCore	40__System__DrawingViewCore	Na__DrawView__RenameDrawing__.js	drifted	470	398	144	1.1.0	1.0.0
42__System__DrawingViewCore	40__System__DrawingViewCore	Na__DrawView__RenderPreset__.js	tv-only	376			1.1.0	
42__System__DrawingViewCore	40__System__DrawingViewCore	Na__DrawView__RowAccordion__.js	drifted	370	264	122		
42__System__DrawingViewCore	40__System__DrawingViewCore	Na__DrawView__SceneLinkRow__.js	header-only	128	143	17	1.0.0	1.0.0
42__System__DrawingViewCore	40__System__DrawingViewCore	Na__DrawView__SectionAdapter__.js	drifted	270	497	515	1.0.0	1.2.0
42__System__DrawingViewCore	40__System__DrawingViewCore	Na__DrawView__StyleRows__.js	header-only	162	162	12	1.0.0	1.0.0
42__System__DrawingViewCore	40__System__DrawingViewCore	Na__DrawView__Styles__DevMenu__.css	drifted	276	142	138		
42__System__DrawingViewCore	40__System__DrawingViewCore	Na__DrawView__ThumbnailBake__.js	vv-only		433			1.0.1
42__System__DrawingViewCore	40__System__DrawingViewCore	Na__DrawView__Transitions__.js	drifted	311	253	102	1.1.0	1.1.0
41__System__CrossSectionView	41__System__SectionCutEngine	Na__CrossSectionView__CapGeometry.js	vv-only		597			1.0.0
41__System__CrossSectionView	41__System__SectionCutEngine	Na__CrossSectionView__Config.json	vv-only		42			
41__System__CrossSectionView	41__System__SectionCutEngine	Na__CrossSectionView__PlaneGizmo.js	vv-only		204			1.0.0
41__System__CrossSectionView	41__System__SectionCutEngine	Na__CrossSectionView__SceneData.js	vv-only		503			1.0.0
41__System__CrossSectionView	41__System__SectionCutEngine	Na__CrossSectionView__SystemLogic.js	vv-only		1753			1.1.0
41__System__CrossSectionView	41__System__SectionCutEngine	Na__SectionCut__CapGeometry__.js	tv-only	601			1.0.0	
41__System__CrossSectionView	41__System__SectionCutEngine	Na__SectionCut__CapMeshes__.js	tv-only	372			1.1.0	
41__System__CrossSectionView	41__System__SectionCutEngine	Na__SectionCut__ConfigState__.js	tv-only	298			1.0.0	
41__System__CrossSectionView	41__System__SectionCutEngine	Na__SectionCut__Engine__.js	tv-only	712			1.2.0	
41__System__CrossSectionView	41__System__SectionCutEngine	Na__SectionCut__Engine__AppConfig__.json	tv-only	22				
41__System__CrossSectionView	41__System__SectionCutEngine	Na__SectionCut__SceneData__.js	tv-only	342			1.0.0	
41__System__CrossSectionView	41__System__SectionCutEngine	Na__SectionCut__Serialize__.js	tv-only	291			1.0.0	
41__System__CrossSectionView	41__System__SectionCutEngine	Na__UiFeature__CrossSectionView__Controls.js	vv-only		387			1.1.0
41__System__CrossSectionView	41__System__SectionCutEngine	Na__UiFeature__CrossSectionView__DevControls.js	vv-only		211			1.0.0
43__System__FloorPlanViews	42__System__FloorPlanViews	Na__FloorPlan__AppConfig__.json	header-only	93	78	37		
43__System__FloorPlanViews	42__System__FloorPlanViews	Na__FloorPlan__ConfigState__.js	drifted	366	352	48	1.1.0	1.0.0
43__System__FloorPlanViews	42__System__FloorPlanViews	Na__FloorPlan__DevMenu__Editor__.js	drifted	1375	849	1280	2.0.0	1.0.0
43__System__FloorPlanViews	42__System__FloorPlanViews	Na__FloorPlan__DevMenu__RowBuilders__.js	drifted	353	392	239	2.0.0	1.0.0
43__System__FloorPlanViews	42__System__FloorPlanViews	Na__FloorPlan__DevMenu__StoreyRow__.js	tv-only	227			1.0.0	
43__System__FloorPlanViews	42__System__FloorPlanViews	Na__FloorPlan__Framing__.js	header-only	218	235	19	1.0.0	1.0.0
43__System__FloorPlanViews	42__System__FloorPlanViews	Na__FloorPlan__ModeController__.js	drifted	838	818	394	1.1.0	1.1.0
43__System__FloorPlanViews	42__System__FloorPlanViews	Na__FloorPlan__OrthoCamera__.js	header-only	375	390	19	1.0.0	1.0.0
43__System__FloorPlanViews	42__System__FloorPlanViews	Na__FloorPlan__ProjectJson__Data__.js	drifted	781	666	477	1.1.0	1.0.0
43__System__FloorPlanViews	42__System__FloorPlanViews	Na__FloorPlan__SceneLink__.js	drifted	330	341	37	1.0.0	1.0.0
43__System__FloorPlanViews	42__System__FloorPlanViews	Na__FloorPlan__StoreyLevel__.js	tv-only	337			1.0.0	
43__System__FloorPlanViews	42__System__FloorPlanViews	Na__FloorPlan__Styles__DevMenu__.css	drifted	134	134	60		
44__System__PlanAnnotations	43__System__PlanAnnotations	Na__PlanAnnotations__AppConfig__.json	header-only	71	71	2		
44__System__PlanAnnotations	43__System__PlanAnnotations	Na__PlanAnnotations__Data__.js	header-only	483	498	21	1.0.0	1.0.0
44__System__PlanAnnotations	43__System__PlanAnnotations	Na__PlanAnnotations__Editor__.js	header-only	656	672	28	1.0.0	1.0.0
44__System__PlanAnnotations	43__System__PlanAnnotations	Na__PlanAnnotations__History__.js	header-only	197	213	22	1.1.0	1.1.0
44__System__PlanAnnotations	43__System__PlanAnnotations	Na__PlanAnnotations__Hotkeys__.js	header-only	480	496	22	1.0.0	1.0.0
44__System__PlanAnnotations	43__System__PlanAnnotations	Na__PlanAnnotations__Overlay__.js	header-only	421	436	21	1.1.0	1.1.0
44__System__PlanAnnotations	43__System__PlanAnnotations	Na__PlanAnnotations__Styles__.css	header-only	279	285	8		
44__System__PlanAnnotations	43__System__PlanAnnotations	Na__PlanAnnotations__Toolbar__.js	drifted	606	614	52	1.1.0	1.0.0
45__System__PlanDimensions	44__System__PlanDimensions	Na__PlanDimensions__AppConfig__.json	header-only	155	155	2		
45__System__PlanDimensions	44__System__PlanDimensions	Na__PlanDimensions__AxisLock__.js	header-only	493	509	20	1.0.0	1.0.0
45__System__PlanDimensions	44__System__PlanDimensions	Na__PlanDimensions__ClientMode__.js	header-only	427	445	26	1.0.0	1.0.0
45__System__PlanDimensions	44__System__PlanDimensions	Na__PlanDimensions__ConfigState__.js	header-only	439	441	18	1.0.0	1.0.0
45__System__PlanDimensions	44__System__PlanDimensions	Na__PlanDimensions__Crosshair__.js	header-only	257	273	20	1.0.0	1.0.0
45__System__PlanDimensions	44__System__PlanDimensions	Na__PlanDimensions__Data__.js	drifted	988	661	393	1.0.0	1.0.0
45__System__PlanDimensions	44__System__PlanDimensions	Na__PlanDimensions__Disclaimer__.js	header-only	308	324	20	1.0.0	1.0.0
45__System__PlanDimensions	44__System__PlanDimensions	Na__PlanDimensions__EditorPreview__.js	header-only	191	193	14	1.0.0	1.0.0
45__System__PlanDimensions	44__System__PlanDimensions	Na__PlanDimensions__Editor__.js	drifted	907	842	145	1.0.0	1.0.0
45__System__PlanDimensions	44__System__PlanDimensions	Na__PlanDimensions__Grid__.js	header-only	496	511	17	1.0.0	1.0.0
45__System__PlanDimensions	44__System__PlanDimensions	Na__PlanDimensions__History__.js	header-only	192	209	25	1.0.0	1.0.0
45__System__PlanDimensions	44__System__PlanDimensions	Na__PlanDimensions__Hotkeys__.js	header-only	418	435	27	1.0.0	1.0.0
45__System__PlanDimensions	44__System__PlanDimensions	Na__PlanDimensions__Overlay__.js	header-only	680	698	32	1.0.0	1.0.0
45__System__PlanDimensions	44__System__PlanDimensions	Na__PlanDimensions__Styles__.css	header-only	440	446	6	1.0.0	1.0.0
45__System__PlanDimensions	44__System__PlanDimensions	Na__PlanDimensions__VertexEditor__.js	header-only	567	585	30	1.0.0	1.0.0
46__System__ElevationViews	45__System__ElevationViews	Na__Elevation__AppConfig__.json	header-only	120	131	51		
46__System__ElevationViews	45__System__ElevationViews	Na__Elevation__AutoNameText__.js	tv-only	176			1.0.0	
46__System__ElevationViews	45__System__ElevationViews	Na__Elevation__AutoName__.js	tv-only	288			1.0.0	
46__System__ElevationViews	45__System__ElevationViews	Na__Elevation__ConfigState__.js	drifted	460	490	56	1.0.0	1.0.0
46__System__ElevationViews	45__System__ElevationViews	Na__Elevation__DevMenu__Editor__.js	drifted	1475	940	1549	2.1.0	1.0.0
46__System__ElevationViews	45__System__ElevationViews	Na__Elevation__DevMenu__RowBuilders__.js	drifted	663	587	572	2.1.0	1.0.0
46__System__ElevationViews	45__System__ElevationViews	Na__Elevation__FacePick__.js	header-only	323	323	14	1.0.0	1.0.0
46__System__ElevationViews	45__System__ElevationViews	Na__Elevation__Framing__.js	header-only	297	314	19	1.0.0	1.0.0
46__System__ElevationViews	45__System__ElevationViews	Na__Elevation__GizmoGrip__.js	header-only	343	343	14	1.0.0	1.0.0
46__System__ElevationViews	45__System__ElevationViews	Na__Elevation__ModeController__.js	drifted	922	901	381	1.1.0	1.0.0
46__System__ElevationViews	45__System__ElevationViews	Na__Elevation__OrthoCamera__.js	header-only	419	434	17	1.0.0	1.0.0
46__System__ElevationViews	45__System__ElevationViews	Na__Elevation__PlaneGizmo__.js	drifted	423	438	47	1.0.0	1.0.0
46__System__ElevationViews	45__System__ElevationViews	Na__Elevation__ProjectJson__Data__.js	drifted	907	829	518	1.1.0	1.0.0
46__System__ElevationViews	45__System__ElevationViews	Na__Elevation__SceneLink__.js	drifted	384	426	140	1.0.0	1.0.0
46__System__ElevationViews	45__System__ElevationViews	Na__Elevation__Styles__DevMenu__.css	drifted	249	120	181		
47__System__NorthDirection	46__System__NorthDirection	Na__North__AppConfig__.json	header-only	71	67	6		
47__System__NorthDirection	46__System__NorthDirection	Na__North__CompassGizmo__.js	drifted	365	315	96	1.1.0	1.0.0
47__System__NorthDirection	46__System__NorthDirection	Na__North__Compass__.js	header-only	206	210	14	1.0.0	1.0.0
47__System__NorthDirection	46__System__NorthDirection	Na__North__ConfigState__.js	header-only	259	263	18	1.0.0	1.0.0
47__System__NorthDirection	46__System__NorthDirection	Na__North__DevMenu__Editor__.js	drifted	513	533	120	1.1.0	1.0.0
47__System__NorthDirection	46__System__NorthDirection	Na__North__PickTool__.js	header-only	372	376	18	1.0.0	1.0.0
47__System__NorthDirection	46__System__NorthDirection	Na__North__ProjectJson__Data__.js	drifted	245	249	38	1.0.0	1.0.0
47__System__NorthDirection	46__System__NorthDirection	Na__North__Styles__DevMenu__.css	header-only	60	67	13	1.0.0	1.0.0
50__System__ProjectedLinework	50__System__ProjectedLinework	Na__ProjectedLinework__AppConfig__.json	header-only	144	122	32		
50__System__ProjectedLinework	50__System__ProjectedLinework	Na__ProjectedLinework__AuthoredEdges__.js	drifted	273	223	116	1.2.0	1.1.0
50__System__ProjectedLinework	50__System__ProjectedLinework	Na__ProjectedLinework__ClipKernel__.js	drifted	712	693	51		
50__System__ProjectedLinework	50__System__ProjectedLinework	Na__ProjectedLinework__ClipWorker__.js	header-only	193	199	30	1.0.0	1.1.0
50__System__ProjectedLinework	50__System__ProjectedLinework	Na__ProjectedLinework__ConfigAccess__.js	drifted	495	426	101	1.2.0	1.0.1
50__System__ProjectedLinework	50__System__ProjectedLinework	Na__ProjectedLinework__CpuBackend__.js	drifted	521	458	113		1.2.1
50__System__ProjectedLinework	50__System__ProjectedLinework	Na__ProjectedLinework__DevMenu__Controls__.js	drifted	502	492	62	1.1.0	1.1.0
50__System__ProjectedLinework	50__System__ProjectedLinework	Na__ProjectedLinework__DiffHarness__.js	drifted	268	270	20	1.0.0	1.0.0
50__System__ProjectedLinework	50__System__ProjectedLinework	Na__ProjectedLinework__DoorPose__.js	tv-only	807			1.3.0	
50__System__ProjectedLinework	50__System__ProjectedLinework	Na__ProjectedLinework__EdgeExtractor__.js	drifted	775	730	105	1.3.0	1.2.0
50__System__ProjectedLinework	50__System__ProjectedLinework	Na__ProjectedLinework__ExportCompositor__.js	header-only	123	123	16	1.0.0	1.0.0
50__System__ProjectedLinework	50__System__ProjectedLinework	Na__ProjectedLinework__FlatBvh__.js	header-only	430	432	14		
50__System__ProjectedLinework	50__System__ProjectedLinework	Na__ProjectedLinework__FlushJoins__.js	tv-only	308			1.1.0	
50__System__ProjectedLinework	50__System__ProjectedLinework	Na__ProjectedLinework__ModelStage__.js	header-only	262	252	56	1.2.0	1.1.0
50__System__ProjectedLinework	50__System__ProjectedLinework	Na__ProjectedLinework__Owners__.js	header-only	248	250	12	1.0.0	1.0.0
50__System__ProjectedLinework	50__System__ProjectedLinework	Na__ProjectedLinework__Persistence__.js	drifted	660	640	78	1.2.1	1.2.0
50__System__ProjectedLinework	50__System__ProjectedLinework	Na__ProjectedLinework__Pipeline__.js	drifted	790	722	148	1.5.0	1.1.0
50__System__ProjectedLinework	50__System__ProjectedLinework	Na__ProjectedLinework__Projector__.js	drifted	611	514	175	1.5.0	1.1.1
50__System__ProjectedLinework	50__System__ProjectedLinework	Na__ProjectedLinework__RasterPreview__.js	header-only	321	323	18	1.0.0	1.0.0
50__System__ProjectedLinework	50__System__ProjectedLinework	Na__ProjectedLinework__Scheduler__.js	header-only	174	176	14	1.0.0	
50__System__ProjectedLinework	50__System__ProjectedLinework	Na__ProjectedLinework__SoupBuilder__.js	header-only	350	353	15	1.0.0	1.0.0
50__System__ProjectedLinework	50__System__ProjectedLinework	Na__ProjectedLinework__StageSampler__.js	drifted	599	535	118	1.2.0	1.1.0
50__System__ProjectedLinework	50__System__ProjectedLinework	Na__ProjectedLinework__Storeys__.js	tv-only	320			1.0.0	
50__System__ProjectedLinework	50__System__ProjectedLinework	Na__ProjectedLinework__Styles__Main__.css	header-only	107	107	4		
50__System__ProjectedLinework	50__System__ProjectedLinework	Na__ProjectedLinework__SvgOverlay__.js	header-only	426	430	18	1.0.0	1.0.0
50__System__ProjectedLinework	50__System__ProjectedLinework	Na__ProjectedLinework__ViewDefinition__.js	drifted	478	430	122	1.2.0	1.0.0
50__System__ProjectedLinework	50__System__ProjectedLinework	Na__ProjectedLinework__WebGpuBackend__.js	drifted	453	454	53		
50__System__ProjectedLinework	50__System__ProjectedLinework	Na__ProjectedLinework__WorkerPool__.js	drifted	484	491	31	1.0.0	1.1.0
51__System__LayoutEditor	51__System__LayoutEditor	01__Core__Loader/Na__LayoutEditor__Loader__.js	vv-only		758			1.1.0
51__System__LayoutEditor	51__System__LayoutEditor	01__Core__Loader/Na__LayoutEditor__LoadingScreen__.js	vv-only		240			1.0.0
51__System__LayoutEditor	51__System__LayoutEditor	01__Core__Loader/Na__LayoutEditor__Styles__Boot__.css	vv-only		273			
51__System__LayoutEditor	51__System__LayoutEditor	03__Core__Config/Na__Hotkeys__DrawingTabs__.json	tv-only	1267				
51__System__LayoutEditor	51__System__LayoutEditor	03__Core__Config/Na__LayoutEditor__AppConfig__.json	drifted	1332	891	2083		
51__System__LayoutEditor	51__System__LayoutEditor	03__Core__Config/Na__LayoutEditor__ConfigState__.js	drifted	457	384	197	1.29.0	1.17.0
51__System__LayoutEditor	51__System__LayoutEditor	03__Core__Config/Na__LayoutEditor__ConfigState__EditorSetup__.js	drifted	467	220	285	1.6.0	1.0.0
51__System__LayoutEditor	51__System__LayoutEditor	03__Core__Config/Na__LayoutEditor__ConfigState__KeyMap__.js	drifted	620	416	254	1.11.0	1.0.0
51__System__LayoutEditor	51__System__LayoutEditor	03__Core__Config/Na__LayoutEditor__ConfigState__Readers__.js	header-only	143	143	12	1.0.0	1.0.0
51__System__LayoutEditor	51__System__LayoutEditor	03__Core__Config/Na__LayoutEditor__ConfigState__SheetSetup__.js	drifted	591	427	266	1.9.0	1.3.0
51__System__LayoutEditor	51__System__LayoutEditor	03__Core__Config/Na__LayoutEditor__ConfigState__ToolSetup__.js	drifted	383	322	89	1.5.0	1.0.0
51__System__LayoutEditor	51__System__LayoutEditor	03__Core__Config/Na__LayoutEditor__KeyMappings__.json	vv-only		856			
51__System__LayoutEditor	51__System__LayoutEditor	05__Core__ModeController/Na__LayoutEditor__LoadingVeil__.js	drifted	439	333	234	1.1.0	1.0.0
51__System__LayoutEditor	51__System__LayoutEditor	05__Core__ModeController/Na__LayoutEditor__ModeController__.js	drifted	1292	906	828	1.32.0	1.18.0
51__System__LayoutEditor	51__System__LayoutEditor	05__Core__ModeController/Na__LayoutEditor__TabStrip__.js	drifted	684	456	656	2.0.0	1.5.0
51__System__LayoutEditor	51__System__LayoutEditor	07__Core__SheetData/Na__LayoutEditor__Assets__.js	drifted	249	225	48	1.0.1	1.0.0
51__System__LayoutEditor	51__System__LayoutEditor	07__Core__SheetData/Na__LayoutEditor__AutoSave__.js	drifted	647	437	314	1.5.0	1.3.0
51__System__LayoutEditor	51__System__LayoutEditor	07__Core__SheetData/Na__LayoutEditor__DrawingCode__.js	vv-only		158			1.0.0
51__System__LayoutEditor	51__System__LayoutEditor	07__Core__SheetData/Na__LayoutEditor__DrawingScale__.js	header-only	191	203	14	1.0.0	1.0.0
51__System__LayoutEditor	51__System__LayoutEditor	07__Core__SheetData/Na__LayoutEditor__History__.js	drifted	354	346	112	1.7.0	1.3.0
51__System__LayoutEditor	51__System__LayoutEditor	07__Core__SheetData/Na__LayoutEditor__ProjectRecord__.js	drifted	271	138	235	1.1.0	1.0.0
51__System__LayoutEditor	51__System__LayoutEditor	07__Core__SheetData/Na__LayoutEditor__ScaleManager__.js	header-only	222	188	72	1.2.1	1.0.0
51__System__LayoutEditor	51__System__LayoutEditor	07__Core__SheetData/Na__LayoutEditor__SheetLayout__.js	header-only	243	245	16	1.2.0	1.2.0
51__System__LayoutEditor	51__System__LayoutEditor	07__Core__SheetData/Na__LayoutEditor__SheetModel__.js	drifted	907	609	502		
51__System__LayoutEditor	51__System__LayoutEditor	07__Core__SheetData/Na__LayoutEditor__SheetModel__AreaGroups__.js	tv-only	292			1.0.0	
51__System__LayoutEditor	51__System__LayoutEditor	07__Core__SheetData/Na__LayoutEditor__SheetModel__Common__.js	header-only	325	336	51	1.0.0	1.0.0
51__System__LayoutEditor	51__System__LayoutEditor	07__Core__SheetData/Na__LayoutEditor__SheetModel__DrawOrder__.js	header-only	153	153	8	1.0.0	1.0.0
51__System__LayoutEditor	51__System__LayoutEditor	07__Core__SheetData/Na__LayoutEditor__SheetModel__Groups__.js	drifted	284	240	64	1.3.0	1.1.0
51__System__LayoutEditor	51__System__LayoutEditor	07__Core__SheetData/Na__LayoutEditor__SheetModel__Layers__.js	drifted	515	196	349	1.4.0	1.0.0
51__System__LayoutEditor	51__System__LayoutEditor	07__Core__SheetData/Na__LayoutEditor__SheetModel__Leaders__.js	header-only	218	208	32	1.2.0	1.1.0
51__System__LayoutEditor	51__System__LayoutEditor	07__Core__SheetData/Na__LayoutEditor__SheetModel__Shapes__.js	drifted	361	191	216	1.6.0	1.0.0
51__System__LayoutEditor	51__System__LayoutEditor	07__Core__SheetData/Na__LayoutEditor__SheetModel__Sheets__.js	drifted	733	452	435	1.4.0	1.1.0
51__System__LayoutEditor	51__System__LayoutEditor	07__Core__SheetData/Na__LayoutEditor__SheetModel__State__.js	drifted	272	243	69	1.2.0	1.1.0
51__System__LayoutEditor	51__System__LayoutEditor	07__Core__SheetData/Na__LayoutEditor__SheetModel__TextAndDimensions__.js	drifted	312	293	43	1.2.0	1.1.0
51__System__LayoutEditor	51__System__LayoutEditor	07__Core__SheetData/Na__LayoutEditor__SheetModel__Viewports__.js	drifted	455	346	165	1.4.0	1.1.0
51__System__LayoutEditor	51__System__LayoutEditor	07__Core__SheetData/Na__LayoutEditor__SheetRecords__.js	drifted	1763	836	1229	1.39.0	1.15.0
51__System__LayoutEditor	51__System__LayoutEditor	07__Core__SheetData/Na__LayoutEditor__SheetRecords__LeaderlessNotes__.js	tv-only	178			1.0.0	
51__System__LayoutEditor	51__System__LayoutEditor	07__Core__SheetData/Na__LayoutEditor__SheetRecords__NoteRegions__.js	tv-only	308			1.0.0	
51__System__LayoutEditor	51__System__LayoutEditor	10__Core__SheetSurface/Na__LayoutEditor__Controls__Pc__.js	drifted	535	408	165	1.4.0	1.1.0
51__System__LayoutEditor	51__System__LayoutEditor	10__Core__SheetSurface/Na__LayoutEditor__Controls__TouchScreen__.js	header-only	345	340	21	1.1.0	1.0.0
51__System__LayoutEditor	51__System__LayoutEditor	10__Core__SheetSurface/Na__LayoutEditor__Navigation__.js	drifted	215	181	56	1.3.0	1.1.0
51__System__LayoutEditor	51__System__LayoutEditor	10__Core__SheetSurface/Na__LayoutEditor__SheetChrome__.js	drifted	1108	805	433	1.14.0	1.5.0
51__System__LayoutEditor	51__System__LayoutEditor	10__Core__SheetSurface/Na__LayoutEditor__SheetSurface__.js	drifted	1071	698	499	1.13.0	1.6.0
51__System__LayoutEditor	51__System__LayoutEditor	10__Core__SheetSurface/Na__LayoutEditor__Styles__Main__.css	drifted	593	362	249		
51__System__LayoutEditor	51__System__LayoutEditor	10__Core__SheetSurface/Na__LayoutEditor__Styles__Main__Paper__.css	drifted	889	632	429		
51__System__LayoutEditor	51__System__LayoutEditor	10__Core__SheetSurface/Na__LayoutEditor__Styles__Surfaces__.css	header-only	70	71	35		
51__System__LayoutEditor	51__System__LayoutEditor	10__Core__SheetSurface/Na__LayoutEditor__TitleBlock__Cells__.js	drifted	279	234	91	1.2.0	1.0.0
51__System__LayoutEditor	51__System__LayoutEditor	10__Core__SheetSurface/Na__LayoutEditor__TitleBlock__Classic__.js	header-only	123	123	12	1.0.0	1.0.0
51__System__LayoutEditor	51__System__LayoutEditor	10__Core__SheetSurface/Na__LayoutEditor__TitleBlock__Modern__.js	drifted	355	263	166	1.5.0	1.2.0
51__System__LayoutEditor	51__System__LayoutEditor	10__Core__SheetSurface/Na__LayoutEditor__TitleBlock__QrCell__.js	tv-only	479			1.0.0	
51__System__LayoutEditor	51__System__LayoutEditor	15__Core__Markup/Na__LayoutEditor__DimensionGeometry__.js	drifted	731	652	131	1.6.0	1.2.0
51__System__LayoutEditor	51__System__LayoutEditor	15__Core__Markup/Na__LayoutEditor__DimensionRounding__.js	tv-only	102			1.0.0	
51__System__LayoutEditor	51__System__LayoutEditor	15__Core__Markup/Na__LayoutEditor__Groups__.js	drifted	568	531	133	1.4.0	1.2.0
51__System__LayoutEditor	51__System__LayoutEditor	15__Core__Markup/Na__LayoutEditor__LeaderGeometry__.js	drifted	678	545	153	1.3.0	1.0.0
51__System__LayoutEditor	51__System__LayoutEditor	15__Core__Markup/Na__LayoutEditor__MarkupBridge__.js	drifted	1065	831	484	1.20.0	1.10.0
51__System__LayoutEditor	51__System__LayoutEditor	15__Core__Markup/Na__LayoutEditor__MeasureParse__.js	drifted	320	289	57	1.1.0	1.0.0
51__System__LayoutEditor	51__System__LayoutEditor	15__Core__Markup/Na__LayoutEditor__PaintOrder__.js	tv-only	205			1.0.0	
51__System__LayoutEditor	51__System__LayoutEditor	15__Core__Markup/Na__LayoutEditor__ShapeGeometry__.js	drifted	532	303	281	1.9.0	1.5.0
51__System__LayoutEditor	51__System__LayoutEditor	15__Core__Markup/Na__LayoutEditor__ShapeRings__.js	tv-only	385			1.1.0	
51__System__LayoutEditor	51__System__LayoutEditor	20__System__Viewports/Na__LayoutEditor__ForceRender__.js	header-only	197	201	12	1.1.0	1.1.0
51__System__LayoutEditor	51__System__LayoutEditor	20__System__Viewports/Na__LayoutEditor__ModelSource__.js	tv-only	305			1.1.0	
51__System__LayoutEditor	51__System__LayoutEditor	20__System__Viewports/Na__LayoutEditor__PlanDoors__.js	tv-only	459			1.3.0	
51__System__LayoutEditor	51__System__LayoutEditor	20__System__Viewports/Na__LayoutEditor__RasterQuality__.js	header-only	198	197	13	1.0.0	1.0.0
51__System__LayoutEditor	51__System__LayoutEditor	20__System__Viewports/Na__LayoutEditor__VectorQuality__.js	tv-only	240			1.0.0	
51__System__LayoutEditor	51__System__LayoutEditor	20__System__Viewports/Na__LayoutEditor__Viewport2d__.js	drifted	657	416	337	1.16.0	1.8.0
51__System__LayoutEditor	51__System__LayoutEditor	20__System__Viewports/Na__LayoutEditor__Viewport2d__DepthFog__.js	tv-only	145			1.0.0	
51__System__LayoutEditor	51__System__LayoutEditor	20__System__Viewports/Na__LayoutEditor__Viewport2d__Frame__.js	drifted	538	309	261	1.4.0	1.1.0
51__System__LayoutEditor	51__System__LayoutEditor	20__System__Viewports/Na__LayoutEditor__Viewport2d__Linework__.js	drifted	484	403	123	1.2.0	1.1.0
51__System__LayoutEditor	51__System__LayoutEditor	20__System__Viewports/Na__LayoutEditor__Viewport2d__SitePlan__.js	tv-only	633			1.2.0	
51__System__LayoutEditor	51__System__LayoutEditor	20__System__Viewports/Na__LayoutEditor__Viewport2d__Window__.js	drifted	184	135	93	1.2.0	1.0.0
51__System__LayoutEditor	51__System__LayoutEditor	20__System__Viewports/Na__LayoutEditor__Viewport3dZoom__.js	header-only	308	304	20	1.1.0	1.0.0
51__System__LayoutEditor	51__System__LayoutEditor	20__System__Viewports/Na__LayoutEditor__Viewport3d__.js	drifted	760	689	157	1.8.1	1.6.1
51__System__LayoutEditor	51__System__LayoutEditor	20__System__Viewports/Na__LayoutEditor__ViewportClipboard__.js	drifted	655	644	43		
51__System__LayoutEditor	51__System__LayoutEditor	20__System__Viewports/Na__LayoutEditor__ViewportHandles__.js	drifted	667	455	274	1.5.0	1.4.0
51__System__LayoutEditor	51__System__LayoutEditor	20__System__Viewports/Na__LayoutEditor__ViewportIdentity__.js	drifted	394	350	152	1.1.0	1.0.0
51__System__LayoutEditor	51__System__LayoutEditor	20__System__Viewports/Na__LayoutEditor__ViewportIdentity__Config__.json	header-only	24	19	11		
51__System__LayoutEditor	51__System__LayoutEditor	20__System__Viewports/Na__LayoutEditor__ViewportRotation__.js	tv-only	313			1.0.0	
51__System__LayoutEditor	51__System__LayoutEditor	20__System__Viewports/Na__LayoutEditor__ViewportTitleText__.js	drifted	358	263	141	1.1.0	1.0.0
51__System__LayoutEditor	51__System__LayoutEditor	21__System__SitePlanData/Na__SitePlan__GlbParse__.js	tv-only	366			1.0.0	
51__System__LayoutEditor	51__System__LayoutEditor	21__System__SitePlanData/Na__SitePlan__Store__.js	tv-only	802			1.2.0	
51__System__LayoutEditor	51__System__LayoutEditor	25__System__RenderStyles/Na__LayoutEditor__EdgeStyles__.js	drifted	580	491	133	1.1.0	1.0.0
51__System__LayoutEditor	51__System__LayoutEditor	25__System__RenderStyles/Na__LayoutEditor__EdgeStyles__Config__.json	header-only	66	60	18		
51__System__LayoutEditor	51__System__LayoutEditor	25__System__RenderStyles/Na__LayoutEditor__Enhance__.js	drifted	173	105	98	1.1.0	1.0.0
51__System__LayoutEditor	51__System__LayoutEditor	25__System__RenderStyles/Na__LayoutEditor__ModelLayers__.js	drifted	407	350	111	1.4.0	1.1.0
51__System__LayoutEditor	51__System__LayoutEditor	25__System__RenderStyles/Na__LayoutEditor__ModelLayers__Config__.json	drifted	130	155	141		
51__System__LayoutEditor	51__System__LayoutEditor	25__System__RenderStyles/Na__LayoutEditor__RenderComposites__.js	drifted	347	327	76	1.3.0	1.1.0
51__System__LayoutEditor	51__System__LayoutEditor	25__System__RenderStyles/Na__LayoutEditor__RenderComposites__Config__.json	header-only	108	97	23		
51__System__LayoutEditor	51__System__LayoutEditor	25__System__RenderStyles/Na__LayoutEditor__SitePlanComposites__.js	tv-only	439			1.0.0	
51__System__LayoutEditor	51__System__LayoutEditor	25__System__RenderStyles/Na__LayoutEditor__SitePlanComposites__Config__.json	tv-only	65				
51__System__LayoutEditor	51__System__LayoutEditor	25__System__RenderStyles/Na__LayoutEditor__SnapshotRenderer__.js	drifted	1085	639	700	1.13.0	1.7.0
51__System__LayoutEditor	51__System__LayoutEditor	26__System__DraftMode/Na__LayoutEditor__DraftMode__.js	tv-only	311			1.1.0	
51__System__LayoutEditor	51__System__LayoutEditor	26__System__DraftMode/Na__LayoutEditor__DraftMode__Config__.json	tv-only	32				
51__System__LayoutEditor	51__System__LayoutEditor	26__System__DraftMode/Na__LayoutEditor__DraftMode__State__.js	tv-only	107			1.0.0	
51__System__LayoutEditor	51__System__LayoutEditor	26__System__DraftMode/Na__LayoutEditor__Styles__DraftMode__.css	tv-only	199				
51__System__LayoutEditor	51__System__LayoutEditor	27__System__DrawingGrid/Na__LayoutEditor__DrawingGrid__.js	tv-only	669			1.0.0	
51__System__LayoutEditor	51__System__LayoutEditor	27__System__DrawingGrid/Na__LayoutEditor__DrawingGrid__Config__.json	tv-only	89				
51__System__LayoutEditor	51__System__LayoutEditor	27__System__DrawingGrid/Na__LayoutEditor__DrawingGrid__State__.js	tv-only	383			1.0.0	
51__System__LayoutEditor	51__System__LayoutEditor	27__System__DrawingGrid/Na__LayoutEditor__Panel__DrawingGrid__.js	tv-only	247			1.0.0	
51__System__LayoutEditor	51__System__LayoutEditor	27__System__DrawingGrid/Na__LayoutEditor__Styles__DrawingGrid__.css	tv-only	63				
51__System__LayoutEditor	51__System__LayoutEditor	28__System__ObjectSnap/Na__LayoutEditor__MoveAnchor__.js	tv-only	707				
51__System__LayoutEditor	51__System__LayoutEditor	28__System__ObjectSnap/Na__LayoutEditor__MoveAnchor__Config__.json	tv-only	34				
51__System__LayoutEditor	51__System__LayoutEditor	28__System__ObjectSnap/Na__LayoutEditor__ObjectSnap__.js	tv-only	309			1.0.0	
51__System__LayoutEditor	51__System__LayoutEditor	28__System__ObjectSnap/Na__LayoutEditor__ObjectSnap__Config__.json	tv-only	79				
51__System__LayoutEditor	51__System__LayoutEditor	28__System__ObjectSnap/Na__LayoutEditor__ObjectSnap__Geometry__.js	tv-only	219			1.0.0	
51__System__LayoutEditor	51__System__LayoutEditor	28__System__ObjectSnap/Na__LayoutEditor__ObjectSnap__Glyphs__.js	tv-only	157			1.0.0	
51__System__LayoutEditor	51__System__LayoutEditor	28__System__ObjectSnap/Na__LayoutEditor__ObjectSnap__GridMoves__.js	tv-only	330			1.2.0	
51__System__LayoutEditor	51__System__LayoutEditor	28__System__ObjectSnap/Na__LayoutEditor__ObjectSnap__Index__.js	tv-only	296			1.1.0	
51__System__LayoutEditor	51__System__LayoutEditor	28__System__ObjectSnap/Na__LayoutEditor__ObjectSnap__Marker__.js	tv-only	265			1.0.0	
51__System__LayoutEditor	51__System__LayoutEditor	28__System__ObjectSnap/Na__LayoutEditor__ObjectSnap__Menu__.js	tv-only	350			1.0.0	
51__System__LayoutEditor	51__System__LayoutEditor	28__System__ObjectSnap/Na__LayoutEditor__ObjectSnap__Moves__.js	tv-only	159			1.0.0	
51__System__LayoutEditor	51__System__LayoutEditor	28__System__ObjectSnap/Na__LayoutEditor__ObjectSnap__Search__.js	tv-only	657			1.1.0	
51__System__LayoutEditor	51__System__LayoutEditor	28__System__ObjectSnap/Na__LayoutEditor__ObjectSnap__Sources__.js	tv-only	565			1.2.0	
51__System__LayoutEditor	51__System__LayoutEditor	28__System__ObjectSnap/Na__LayoutEditor__ObjectSnap__State__.js	tv-only	337			1.0.0	
51__System__LayoutEditor	51__System__LayoutEditor	28__System__ObjectSnap/Na__LayoutEditor__Styles__ObjectSnap__.css	tv-only	432				
51__System__LayoutEditor	51__System__LayoutEditor	28__System__ObjectSnap/Na__LayoutEditor__ViewportSnapMove__.js	tv-only	638				
51__System__LayoutEditor	51__System__LayoutEditor	30__System__SheetTools/Na__LayoutEditor__AxisLock__.js	header-only	205	201	16	1.0.0	1.0.0
51__System__LayoutEditor	51__System__LayoutEditor	30__System__SheetTools/Na__LayoutEditor__ContextMenu__.js	drifted	375	156	303	1.1.0	1.0.0
51__System__LayoutEditor	51__System__LayoutEditor	30__System__SheetTools/Na__LayoutEditor__EditScope__.js	drifted	794	599	233	1.4.0	1.1.0
51__System__LayoutEditor	51__System__LayoutEditor	30__System__SheetTools/Na__LayoutEditor__Eyedropper__.js	drifted	1086	1056	114		
51__System__LayoutEditor	51__System__LayoutEditor	30__System__SheetTools/Na__LayoutEditor__Grips__.js	drifted	780	554	372	1.12.0	1.8.0
51__System__LayoutEditor	51__System__LayoutEditor	30__System__SheetTools/Na__LayoutEditor__ItemClipboard__.js	drifted	823	557	540	1.7.0	1.2.0
51__System__LayoutEditor	51__System__LayoutEditor	30__System__SheetTools/Na__LayoutEditor__LayerMenu__.js	tv-only	195			1.0.0	
51__System__LayoutEditor	51__System__LayoutEditor	30__System__SheetTools/Na__LayoutEditor__Measurements__.js	drifted	1204	935	393	1.10.0	1.4.0
51__System__LayoutEditor	51__System__LayoutEditor	30__System__SheetTools/Na__LayoutEditor__SelectionBox__.js	drifted	765	722	91	1.7.0	1.4.0
51__System__LayoutEditor	51__System__LayoutEditor	30__System__SheetTools/Na__LayoutEditor__SelectionSet__.js	drifted	462	292	218	1.2.0	1.0.0
51__System__LayoutEditor	51__System__LayoutEditor	30__System__SheetTools/Na__LayoutEditor__SheetTools__.js	drifted	756	573	373		
51__System__LayoutEditor	51__System__LayoutEditor	30__System__SheetTools/Na__LayoutEditor__SheetTools__ContentEditing__.js	header-only	129	129	6	1.0.0	1.0.0
51__System__LayoutEditor	51__System__LayoutEditor	30__System__SheetTools/Na__LayoutEditor__SheetTools__ContextMenu__.js	drifted	546	399	235	1.7.0	1.2.0
51__System__LayoutEditor	51__System__LayoutEditor	30__System__SheetTools/Na__LayoutEditor__SheetTools__CopyDrag__.js	tv-only	494			1.2.0	
51__System__LayoutEditor	51__System__LayoutEditor	30__System__SheetTools/Na__LayoutEditor__SheetTools__HitResolution__.js	drifted	801	539	372	1.11.0	1.2.0
51__System__LayoutEditor	51__System__LayoutEditor	30__System__SheetTools/Na__LayoutEditor__SheetTools__HoverTooltip__.js	tv-only	122			1.1.0	
51__System__LayoutEditor	51__System__LayoutEditor	30__System__SheetTools/Na__LayoutEditor__SheetTools__Keyboard__.js	drifted	911	497	560	1.18.0	1.3.0
51__System__LayoutEditor	51__System__LayoutEditor	30__System__SheetTools/Na__LayoutEditor__SheetTools__NoteTooltip__.js	tv-only	305			1.0.0	
51__System__LayoutEditor	51__System__LayoutEditor	30__System__SheetTools/Na__LayoutEditor__SheetTools__PointerDrag__.js	drifted	2130	1185	1085	1.19.0	1.4.0
51__System__LayoutEditor	51__System__LayoutEditor	30__System__SheetTools/Na__LayoutEditor__SheetTools__PointerPress__.js	drifted	929	513	510	1.10.0	1.1.0
51__System__LayoutEditor	51__System__LayoutEditor	30__System__SheetTools/Na__LayoutEditor__SheetTools__State__.js	drifted	254	175	101	1.8.0	1.1.0
51__System__LayoutEditor	51__System__LayoutEditor	30__System__SheetTools/Na__LayoutEditor__SheetTools__ToolState__.js	drifted	533	376	209	1.7.0	1.1.0
51__System__LayoutEditor	51__System__LayoutEditor	30__System__SheetTools/Na__LayoutEditor__Snapping__.js	vv-only		455			1.2.0
51__System__LayoutEditor	51__System__LayoutEditor	31__System__DocumentKeys/Na__Hotkeys__DocumentTabs__.json	tv-only	73				
51__System__LayoutEditor	51__System__LayoutEditor	31__System__DocumentKeys/Na__LayoutEditor__DocumentKeys__.js	tv-only	384			1.1.0	
51__System__LayoutEditor	51__System__LayoutEditor	32__System__OrthoMode/Na__LayoutEditor__OrthoMode__.js	tv-only	230				
51__System__LayoutEditor	51__System__LayoutEditor	32__System__OrthoMode/Na__LayoutEditor__OrthoMode__Config__.json	tv-only	28				
51__System__LayoutEditor	51__System__LayoutEditor	32__System__OrthoMode/Na__LayoutEditor__OrthoMode__State__.js	tv-only	180			1.0.0	
51__System__LayoutEditor	51__System__LayoutEditor	33__System__DrawingAxes/Na__LayoutEditor__DrawingAxes__.js	tv-only	550			1.0.0	
51__System__LayoutEditor	51__System__LayoutEditor	33__System__DrawingAxes/Na__LayoutEditor__DrawingAxes__Config__.json	tv-only	43				
51__System__LayoutEditor	51__System__LayoutEditor	33__System__DrawingAxes/Na__LayoutEditor__Styles__DrawingAxes__.css	tv-only	87				
51__System__LayoutEditor	51__System__LayoutEditor	35__System__DrawingTools/Na__LayoutEditor__DimensionTool__.js	drifted	581	508	163	1.12.0	1.5.0
51__System__LayoutEditor	51__System__LayoutEditor	35__System__DrawingTools/Na__LayoutEditor__GradientTool__.js	drifted	802	787	47		
51__System__LayoutEditor	51__System__LayoutEditor	35__System__DrawingTools/Na__LayoutEditor__GradientTool__Config__.json	identical	49	49	0		
51__System__LayoutEditor	51__System__LayoutEditor	35__System__DrawingTools/Na__LayoutEditor__LeaderTool__.js	header-only	363	348	31	1.2.0	1.0.0
51__System__LayoutEditor	51__System__LayoutEditor	35__System__DrawingTools/Na__LayoutEditor__LineStyleTool__.js	drifted	583	562	83		
51__System__LayoutEditor	51__System__LayoutEditor	35__System__DrawingTools/Na__LayoutEditor__LineStyleTool__Config__.json	identical	56	56	0		
51__System__LayoutEditor	51__System__LayoutEditor	35__System__DrawingTools/Na__LayoutEditor__RectangleTool__.js	drifted	427	403	66	1.4.0	1.2.0
51__System__LayoutEditor	51__System__LayoutEditor	35__System__DrawingTools/Na__LayoutEditor__ShapeTool__.js	drifted	506	461	101	1.10.0	1.6.0
51__System__LayoutEditor	51__System__LayoutEditor	35__System__DrawingTools/Na__LayoutEditor__TextTool__.js	header-only	363	359	24	1.4.0	1.3.0
51__System__LayoutEditor	51__System__LayoutEditor	36__System__HatchPatternTools/Na__LayoutEditor__HatchPatterns__.js	tv-only	997			1.5.0	
51__System__LayoutEditor	51__System__LayoutEditor	36__System__HatchPatternTools/Na__LayoutEditor__Panel__Patterns__.js	tv-only	456			1.1.0	
51__System__LayoutEditor	51__System__LayoutEditor	36__System__HatchPatternTools/Na__LayoutEditor__Styles__Patterns__.css	tv-only	27				
51__System__LayoutEditor	51__System__LayoutEditor	37__System__VectorTools/Na__LayoutEditor__Panel__VectorTools__.js	tv-only	424			1.1.0	
51__System__LayoutEditor	51__System__LayoutEditor	37__System__VectorTools/Na__LayoutEditor__Styles__VectorTools__.css	tv-only	77				
51__System__LayoutEditor	51__System__LayoutEditor	37__System__VectorTools/Na__LayoutEditor__VectorTools__.js	tv-only	709			1.2.0	
51__System__LayoutEditor	51__System__LayoutEditor	37__System__VectorTools/Na__LayoutEditor__VectorTools__ArcTool__.js	tv-only	470			1.0.0	
51__System__LayoutEditor	51__System__LayoutEditor	37__System__VectorTools/Na__LayoutEditor__VectorTools__BooleanTool__.js	tv-only	690			1.1.0	
51__System__LayoutEditor	51__System__LayoutEditor	37__System__VectorTools/Na__LayoutEditor__VectorTools__Boolean__.js	tv-only	549			1.0.0	
51__System__LayoutEditor	51__System__LayoutEditor	37__System__VectorTools/Na__LayoutEditor__VectorTools__CircleTool__.js	tv-only	353			1.0.0	
51__System__LayoutEditor	51__System__LayoutEditor	37__System__VectorTools/Na__LayoutEditor__VectorTools__Config__.json	tv-only	208				
51__System__LayoutEditor	51__System__LayoutEditor	37__System__VectorTools/Na__LayoutEditor__VectorTools__Curves__.js	tv-only	389			1.0.0	
51__System__LayoutEditor	51__System__LayoutEditor	37__System__VectorTools/Na__LayoutEditor__VectorTools__Geometry__.js	tv-only	684			1.0.0	
51__System__LayoutEditor	51__System__LayoutEditor	37__System__VectorTools/Na__LayoutEditor__VectorTools__JoinTool__.js	tv-only	382			1.1.0	
51__System__LayoutEditor	51__System__LayoutEditor	37__System__VectorTools/Na__LayoutEditor__VectorTools__OffsetTool__.js	tv-only	419			1.1.0	
51__System__LayoutEditor	51__System__LayoutEditor	37__System__VectorTools/Na__LayoutEditor__VectorTools__Offset__.js	tv-only	480			1.0.0	
51__System__LayoutEditor	51__System__LayoutEditor	37__System__VectorTools/Na__LayoutEditor__VectorTools__Preview__.js	tv-only	218			1.0.0	
51__System__LayoutEditor	51__System__LayoutEditor	37__System__VectorTools/Na__LayoutEditor__VectorTools__Setup__.js	tv-only	153			1.0.0	
51__System__LayoutEditor	51__System__LayoutEditor	37__System__VectorTools/Na__LayoutEditor__VectorTools__State__.js	tv-only	296			1.1.0	
51__System__LayoutEditor	51__System__LayoutEditor	37__System__VectorTools/Na__LayoutEditor__VectorTools__Targets__.js	tv-only	504			1.2.0	
51__System__LayoutEditor	51__System__LayoutEditor	37__System__VectorTools/Na__LayoutEditor__VectorTools__TrimTool__.js	tv-only	380			1.1.0	
51__System__LayoutEditor	51__System__LayoutEditor	40__Ui__Panels/Na__LayoutEditor__PanelHost__.js	drifted	878	750	196	1.6.0	1.4.0
51__System__LayoutEditor	51__System__LayoutEditor	40__Ui__Panels/Na__LayoutEditor__Panel__Dimensions__.js	drifted	486	229	303	1.7.0	1.4.0
51__System__LayoutEditor	51__System__LayoutEditor	40__Ui__Panels/Na__LayoutEditor__Panel__Layers__.js	drifted	482	444	68	1.3.0	1.1.0
51__System__LayoutEditor	51__System__LayoutEditor	40__Ui__Panels/Na__LayoutEditor__Panel__Leaders__.js	drifted	498	486	30	1.2.0	1.2.0
51__System__LayoutEditor	51__System__LayoutEditor	40__Ui__Panels/Na__LayoutEditor__Panel__ModelLayers__.js	drifted	465	423	66	1.3.0	1.1.0
51__System__LayoutEditor	51__System__LayoutEditor	40__Ui__Panels/Na__LayoutEditor__Panel__Shapes__.js	drifted	668	424	300	1.9.0	1.8.0
51__System__LayoutEditor	51__System__LayoutEditor	40__Ui__Panels/Na__LayoutEditor__Panel__Sheet__.js	drifted	353	330	121	1.4.0	1.4.0
51__System__LayoutEditor	51__System__LayoutEditor	40__Ui__Panels/Na__LayoutEditor__Panel__SitePlanComposites__.js	tv-only	240			1.0.0	
51__System__LayoutEditor	51__System__LayoutEditor	40__Ui__Panels/Na__LayoutEditor__Panel__Styles__.js	drifted	409	393	50	1.7.0	1.6.1
51__System__LayoutEditor	51__System__LayoutEditor	40__Ui__Panels/Na__LayoutEditor__Panel__Text__.js	drifted	237	240	53	1.4.0	1.4.0
51__System__LayoutEditor	51__System__LayoutEditor	40__Ui__Panels/Na__LayoutEditor__Panel__ViewportSettings__.js	drifted	931	449	576	1.10.0	1.4.1
51__System__LayoutEditor	51__System__LayoutEditor	40__Ui__Panels/Na__LayoutEditor__Styles__Panels__.css	drifted	1174	1000	214		
51__System__LayoutEditor	51__System__LayoutEditor	40__Ui__Panels/Na__LayoutEditor__Toolbar__.js	drifted	628	394	366	1.24.0	1.9.0
51__System__LayoutEditor	51__System__LayoutEditor	50__Feature__Specification/Na__LayoutEditor__MarginGrip__.js	drifted	340	321	35	1.3.0	1.0.0
51__System__LayoutEditor	51__System__LayoutEditor	50__Feature__Specification/Na__LayoutEditor__NoteRegions__.js	tv-only	346			1.0.1	
51__System__LayoutEditor	51__System__LayoutEditor	50__Feature__Specification/Na__LayoutEditor__NoteRegions__Grips__.js	tv-only	518			1.0.0	
51__System__LayoutEditor	51__System__LayoutEditor	50__Feature__Specification/Na__LayoutEditor__NoteRegions__Tool__.js	tv-only	268			1.0.0	
51__System__LayoutEditor	51__System__LayoutEditor	50__Feature__Specification/Na__LayoutEditor__Panel__MarginNotes__.js	drifted	245	185	92	1.2.0	1.0.0
51__System__LayoutEditor	51__System__LayoutEditor	50__Feature__Specification/Na__LayoutEditor__Panel__MarginNotes__Leaderless__.js	tv-only	510			1.0.0	
51__System__LayoutEditor	51__System__LayoutEditor	50__Feature__Specification/Na__LayoutEditor__Panel__MarginNotes__Regions__.js	tv-only	511			1.0.0	
51__System__LayoutEditor	51__System__LayoutEditor	50__Feature__Specification/Na__LayoutEditor__SpecData__.js	drifted	364	308	98		
51__System__LayoutEditor	51__System__LayoutEditor	50__Feature__Specification/Na__LayoutEditor__SpecData__Document__.js	drifted	504	435	119	1.1.0	1.0.0
51__System__LayoutEditor	51__System__LayoutEditor	50__Feature__Specification/Na__LayoutEditor__SpecData__Draft__.js	header-only	207	194	29	1.1.0	1.0.0
51__System__LayoutEditor	51__System__LayoutEditor	50__Feature__Specification/Na__LayoutEditor__SpecData__Editing__.js	header-only	441	430	21	1.1.0	1.0.0
51__System__LayoutEditor	51__System__LayoutEditor	50__Feature__Specification/Na__LayoutEditor__SpecData__Lockstep__.js	tv-only	1045				
51__System__LayoutEditor	51__System__LayoutEditor	50__Feature__Specification/Na__LayoutEditor__SpecData__State__.js	drifted	335	289	56	1.2.0	1.0.0
51__System__LayoutEditor	51__System__LayoutEditor	50__Feature__Specification/Na__LayoutEditor__SpecData__Transport__.js	drifted	705	581	394	1.3.0	1.1.0
51__System__LayoutEditor	51__System__LayoutEditor	50__Feature__Specification/Na__LayoutEditor__SpecDocument__.js	drifted	562	563	39	1.0.0	1.0.0
51__System__LayoutEditor	51__System__LayoutEditor	50__Feature__Specification/Na__LayoutEditor__SpecEditor__.js	header-only	322	321	9	1.2.0	1.2.0
51__System__LayoutEditor	51__System__LayoutEditor	50__Feature__Specification/Na__LayoutEditor__SpecEditor__Actions__.js	header-only	379	379	10	1.1.0	1.1.0
51__System__LayoutEditor	51__System__LayoutEditor	50__Feature__Specification/Na__LayoutEditor__SpecEditor__Bar__.js	drifted	343	308	73	1.4.0	1.2.0
51__System__LayoutEditor	51__System__LayoutEditor	50__Feature__Specification/Na__LayoutEditor__SpecEditor__Builders__.js	header-only	183	183	6	1.0.0	1.0.0
51__System__LayoutEditor	51__System__LayoutEditor	50__Feature__Specification/Na__LayoutEditor__SpecEditor__NoteDrag__.js	header-only	210	210	6	1.0.0	1.0.0
51__System__LayoutEditor	51__System__LayoutEditor	50__Feature__Specification/Na__LayoutEditor__SpecEditor__Notes__.js	header-only	259	258	15	1.1.0	1.1.0
51__System__LayoutEditor	51__System__LayoutEditor	50__Feature__Specification/Na__LayoutEditor__SpecEditor__Render__.js	header-only	256	256	6	1.0.0	1.0.0
51__System__LayoutEditor	51__System__LayoutEditor	50__Feature__Specification/Na__LayoutEditor__SpecEditor__State__.js	header-only	170	170	6	1.0.0	1.0.0
51__System__LayoutEditor	51__System__LayoutEditor	50__Feature__Specification/Na__LayoutEditor__SpecLinks__.js	drifted	395	352	49	1.2.0	1.0.0
51__System__LayoutEditor	51__System__LayoutEditor	50__Feature__Specification/Na__LayoutEditor__SpecLockstep__.js	tv-only	365			1.0.0	
51__System__LayoutEditor	51__System__LayoutEditor	50__Feature__Specification/Na__LayoutEditor__SpecMargin__.js	drifted	381	387	404	1.5.0	1.3.0
51__System__LayoutEditor	51__System__LayoutEditor	50__Feature__Specification/Na__LayoutEditor__SpecMargin__Column__.js	tv-only	303			1.0.0	
51__System__LayoutEditor	51__System__LayoutEditor	50__Feature__Specification/Na__LayoutEditor__SpecPdf__.js	drifted	450	454	28	1.0.0	1.0.0
51__System__LayoutEditor	51__System__LayoutEditor	50__Feature__Specification/Na__LayoutEditor__Styles__Specification__.css	drifted	635	468	189		
51__System__LayoutEditor	51__System__LayoutEditor	50__Feature__Specification/Na__LayoutEditor__Styles__Specification__Notes__.css	drifted	653	352	309		
51__System__LayoutEditor	51__System__LayoutEditor	50__Feature__Specification/Na__LayoutEditor__Styles__Specification__Read__.css	header-only	287	289	14		
51__System__LayoutEditor	51__System__LayoutEditor	51__Feature__DrawingRegister/Na__LayoutEditor__Register__Data__.js	tv-only	377			1.0.1	
51__System__LayoutEditor	51__System__LayoutEditor	51__Feature__DrawingRegister/Na__LayoutEditor__Register__DeleteDialog__.js	tv-only	64				
51__System__LayoutEditor	51__System__LayoutEditor	51__Feature__DrawingRegister/Na__LayoutEditor__Register__Editor__.js	tv-only	688			1.3.0	
51__System__LayoutEditor	51__System__LayoutEditor	51__Feature__DrawingRegister/Na__LayoutEditor__Register__Export__.js	tv-only	171			1.0.1	
51__System__LayoutEditor	51__System__LayoutEditor	51__Feature__DrawingRegister/Na__LayoutEditor__Register__Notes__.js	tv-only	196			1.0.1	
51__System__LayoutEditor	51__System__LayoutEditor	51__Feature__DrawingRegister/Na__LayoutEditor__Register__Numbering__.js	tv-only	113			1.0.1	
51__System__LayoutEditor	51__System__LayoutEditor	51__Feature__DrawingRegister/Na__LayoutEditor__Register__Pdf__.js	tv-only	846			1.1.0	
51__System__LayoutEditor	51__System__LayoutEditor	51__Feature__DrawingRegister/Na__LayoutEditor__Register__Preview__.js	tv-only	204			1.1.0	
51__System__LayoutEditor	51__System__LayoutEditor	51__Feature__DrawingRegister/Na__LayoutEditor__Register__Transactions__.js	tv-only	425			1.2.0	
51__System__LayoutEditor	51__System__LayoutEditor	51__Feature__DrawingRegister/Na__LayoutEditor__Styles__DrawingRegister__.css	tv-only	575				
51__System__LayoutEditor	51__System__LayoutEditor	52__Feature__StatementWriter/01__Core__Data/Na__LayoutEditor__Statement__Data__.js	tv-only	1195			1.2.0	
51__System__LayoutEditor	51__System__LayoutEditor	52__Feature__StatementWriter/01__Core__Data/Na__LayoutEditor__Statement__Data__Index__.js	tv-only	361			1.0.0	
51__System__LayoutEditor	51__System__LayoutEditor	52__Feature__StatementWriter/01__Core__Data/Na__LayoutEditor__Statement__Data__Transport__.js	tv-only	434			1.1.0	
51__System__LayoutEditor	51__System__LayoutEditor	52__Feature__StatementWriter/01__Core__Data/Na__LayoutEditor__Statement__Images__.js	tv-only	352			1.2.0	
51__System__LayoutEditor	51__System__LayoutEditor	52__Feature__StatementWriter/01__Core__Data/Na__LayoutEditor__Statement__Lockstep__.js	tv-only	245			1.0.0	
51__System__LayoutEditor	51__System__LayoutEditor	52__Feature__StatementWriter/02__Core__Markdown/Na__LayoutEditor__Statement__Md__Figure__.js	tv-only	474			1.0.0	
51__System__LayoutEditor	51__System__LayoutEditor	52__Feature__StatementWriter/02__Core__Markdown/Na__LayoutEditor__Statement__Md__Inline__.js	tv-only	421			1.0.0	
51__System__LayoutEditor	51__System__LayoutEditor	52__Feature__StatementWriter/02__Core__Markdown/Na__LayoutEditor__Statement__Md__Render__.js	tv-only	397			1.2.0	
51__System__LayoutEditor	51__System__LayoutEditor	52__Feature__StatementWriter/02__Core__Markdown/Na__LayoutEditor__Statement__Md__Serialise__.js	tv-only	287			1.0.0	
51__System__LayoutEditor	51__System__LayoutEditor	52__Feature__StatementWriter/02__Core__Markdown/Na__LayoutEditor__Statement__Md__Tokenise__.js	tv-only	501			1.0.0	
51__System__LayoutEditor	51__System__LayoutEditor	52__Feature__StatementWriter/03__Ui__Page/Na__LayoutEditor__Statement__Manager__.js	tv-only	407			1.1.0	
51__System__LayoutEditor	51__System__LayoutEditor	52__Feature__StatementWriter/03__Ui__Page/Na__LayoutEditor__Statement__Page__.js	tv-only	1039			1.6.0	
51__System__LayoutEditor	51__System__LayoutEditor	52__Feature__StatementWriter/04__Ui__Editor/Na__LayoutEditor__Statement__Editor__.js	tv-only	683			1.4.0	
51__System__LayoutEditor	51__System__LayoutEditor	52__Feature__StatementWriter/04__Ui__Editor/Na__LayoutEditor__Statement__Editor__Cards__.js	tv-only	724			1.3.0	
51__System__LayoutEditor	51__System__LayoutEditor	52__Feature__StatementWriter/04__Ui__Editor/Na__LayoutEditor__Statement__Editor__Figure__.js	tv-only	839			1.2.0	
51__System__LayoutEditor	51__System__LayoutEditor	52__Feature__StatementWriter/04__Ui__Editor/Na__LayoutEditor__Statement__Editor__Move__.js	tv-only	323			1.1.0	
51__System__LayoutEditor	51__System__LayoutEditor	52__Feature__StatementWriter/04__Ui__Editor/Na__LayoutEditor__Statement__Editor__Typing__.js	tv-only	570			1.0.0	
51__System__LayoutEditor	51__System__LayoutEditor	52__Feature__StatementWriter/05__Ui__Reader/Na__LayoutEditor__Statement__Reader__.js	tv-only	178			1.1.0	
51__System__LayoutEditor	51__System__LayoutEditor	52__Feature__StatementWriter/06__Export__Pdf/Na__LayoutEditor__Statement__Pdf__.js	tv-only	449			1.2.0	
51__System__LayoutEditor	51__System__LayoutEditor	52__Feature__StatementWriter/07__Export__Publish/Na__LayoutEditor__Statement__Publish__.js	tv-only	349			1.2.0	
51__System__LayoutEditor	51__System__LayoutEditor	52__Feature__StatementWriter/07__Export__Publish/Na__LayoutEditor__Statement__Publish__Images__.js	tv-only	312			1.2.0	
51__System__LayoutEditor	51__System__LayoutEditor	52__Feature__StatementWriter/07__Export__Publish/Na__LayoutEditor__Statement__Publish__Page__.js	tv-only	401			1.0.0	
51__System__LayoutEditor	51__System__LayoutEditor	52__Feature__StatementWriter/08__Style__Stylesheets/Na__LayoutEditor__Styles__Statement__.css	tv-only	1049				
51__System__LayoutEditor	51__System__LayoutEditor	52__Feature__StatementWriter/08__Style__Stylesheets/Na__LayoutEditor__Styles__Statement__Document__.css	tv-only	1330				
51__System__LayoutEditor	51__System__LayoutEditor	52__Feature__StatementWriter/09__Standard__Sections/Na__LayoutEditor__Statement__Standard__Config__.json	tv-only	191				
51__System__LayoutEditor	51__System__LayoutEditor	52__Feature__StatementWriter/09__Standard__Sections/Na__LayoutEditor__Statement__Standard__Contents__.js	tv-only	248			1.0.0	
51__System__LayoutEditor	51__System__LayoutEditor	52__Feature__StatementWriter/09__Standard__Sections/Na__LayoutEditor__Statement__Standard__DrawingSchedule__.js	tv-only	579			1.0.0	
51__System__LayoutEditor	51__System__LayoutEditor	52__Feature__StatementWriter/09__Standard__Sections/Na__LayoutEditor__Statement__Standard__DrawingSchedule__Live__.js	tv-only	140			1.0.0	
51__System__LayoutEditor	51__System__LayoutEditor	52__Feature__StatementWriter/09__Standard__Sections/Na__LayoutEditor__Statement__Standard__Finishes__.js	tv-only	644			1.0.0	
51__System__LayoutEditor	51__System__LayoutEditor	52__Feature__StatementWriter/09__Standard__Sections/Na__LayoutEditor__Statement__Standard__Footer__.js	tv-only	311			1.0.0	
51__System__LayoutEditor	51__System__LayoutEditor	52__Feature__StatementWriter/09__Standard__Sections/Na__LayoutEditor__Statement__Standard__Header__.js	tv-only	324			1.0.0	
51__System__LayoutEditor	51__System__LayoutEditor	52__Feature__StatementWriter/09__Standard__Sections/Na__LayoutEditor__Statement__Standard__Registry__.js	tv-only	818				
51__System__LayoutEditor	51__System__LayoutEditor	52__Feature__StatementWriter/09__Standard__Sections/Na__LayoutEditor__Statement__Standard__TrueVisionHub__.js	tv-only	323			1.1.0	
51__System__LayoutEditor	51__System__LayoutEditor	53__Feature__ProjectQrCode/Na__ProjectQr__Config__.json	tv-only	47				
51__System__LayoutEditor	51__System__LayoutEditor	53__Feature__ProjectQrCode/Na__ProjectQr__Encoder__.js	tv-only	863			1.0.0	
51__System__LayoutEditor	51__System__LayoutEditor	53__Feature__ProjectQrCode/Na__ProjectQr__Painter__.js	tv-only	226			1.0.0	
51__System__LayoutEditor	51__System__LayoutEditor	53__Feature__ProjectQrCode/Na__ProjectQr__ProjectLink__.js	tv-only	196			1.1.0	
51__System__LayoutEditor	51__System__LayoutEditor	53__Feature__ProjectQrCode/Na__ProjectQr__Symbol__.js	tv-only	397			1.2.0	
51__System__LayoutEditor	51__System__LayoutEditor	53__Feature__ProjectQrCode/README__ProjectQrCode__.md	tv-only	166				
51__System__LayoutEditor	51__System__LayoutEditor	54__Feature__SheetImages/Na__LayoutEditor__Panel__SheetImages__.js	tv-only	309			1.1.0	
51__System__LayoutEditor	51__System__LayoutEditor	54__Feature__SheetImages/Na__LayoutEditor__SheetImages__.js	tv-only	196			1.0.0	
51__System__LayoutEditor	51__System__LayoutEditor	54__Feature__SheetImages/Na__LayoutEditor__SheetImages__Config__.json	tv-only	122				
51__System__LayoutEditor	51__System__LayoutEditor	54__Feature__SheetImages/Na__LayoutEditor__SheetImages__Crop__.js	tv-only	525			1.0.0	
51__System__LayoutEditor	51__System__LayoutEditor	54__Feature__SheetImages/Na__LayoutEditor__SheetImages__Encode__.js	tv-only	389			1.1.0	
51__System__LayoutEditor	51__System__LayoutEditor	54__Feature__SheetImages/Na__LayoutEditor__SheetImages__Geometry__.js	tv-only	472			1.1.0	
51__System__LayoutEditor	51__System__LayoutEditor	54__Feature__SheetImages/Na__LayoutEditor__SheetImages__Handles__.js	tv-only	259			1.0.0	
51__System__LayoutEditor	51__System__LayoutEditor	54__Feature__SheetImages/Na__LayoutEditor__SheetImages__Insert__.js	tv-only	382			1.2.0	
51__System__LayoutEditor	51__System__LayoutEditor	54__Feature__SheetImages/Na__LayoutEditor__SheetImages__Menu__.js	tv-only	118			1.0.0	
51__System__LayoutEditor	51__System__LayoutEditor	54__Feature__SheetImages/Na__LayoutEditor__SheetImages__Paint__.js	tv-only	172			1.0.0	
51__System__LayoutEditor	51__System__LayoutEditor	54__Feature__SheetImages/Na__LayoutEditor__SheetImages__Painter__.js	tv-only	229			1.0.0	
51__System__LayoutEditor	51__System__LayoutEditor	54__Feature__SheetImages/Na__LayoutEditor__SheetImages__Pdf__.js	tv-only	112			1.0.0	
51__System__LayoutEditor	51__System__LayoutEditor	54__Feature__SheetImages/Na__LayoutEditor__SheetImages__Publish__.js	tv-only	464			1.1.0	
51__System__LayoutEditor	51__System__LayoutEditor	54__Feature__SheetImages/Na__LayoutEditor__SheetImages__Setup__.js	tv-only	212			1.1.0	
51__System__LayoutEditor	51__System__LayoutEditor	54__Feature__SheetImages/Na__LayoutEditor__SheetImages__Source__.js	tv-only	304			1.0.0	
51__System__LayoutEditor	51__System__LayoutEditor	54__Feature__SheetImages/Na__LayoutEditor__SheetImages__Store__.js	tv-only	208			1.0.0	
51__System__LayoutEditor	51__System__LayoutEditor	54__Feature__SheetImages/Na__LayoutEditor__Styles__SheetImages__.css	tv-only	236			1.1.0	
51__System__LayoutEditor	51__System__LayoutEditor	55__Feature__Scrapbook/Na__LayoutEditor__Panel__Scrapbook__.js	drifted	262	250	40	1.2.1	1.0.0
51__System__LayoutEditor	51__System__LayoutEditor	55__Feature__Scrapbook/Na__LayoutEditor__Scrapbook__.js	header-only	458	453	37	1.1.0	1.0.0
51__System__LayoutEditor	51__System__LayoutEditor	55__Feature__Scrapbook/Na__LayoutEditor__Scrapbook__Config__.json	header-only	77	31	84		
51__System__LayoutEditor	51__System__LayoutEditor	55__Feature__Scrapbook/Na__LayoutEditor__Scrapbook__TileDrag__.js	drifted	429	353	134	1.2.0	1.0.0
51__System__LayoutEditor	51__System__LayoutEditor	56__Feature__ScrapbookCustom/Na__LayoutEditor__Panel__ScrapbookCustom__.js	header-only	407	410	19	1.0.0	1.0.0
51__System__LayoutEditor	51__System__LayoutEditor	56__Feature__ScrapbookCustom/Na__LayoutEditor__ScrapbookCustom__.js	drifted	582	576	38	1.0.0	1.0.0
51__System__LayoutEditor	51__System__LayoutEditor	56__Feature__ScrapbookCustom/Na__LayoutEditor__ScrapbookCustom__Config__.json	header-only	62	63	13		
51__System__LayoutEditor	51__System__LayoutEditor	56__Feature__ScrapbookCustom/Na__LayoutEditor__ScrapbookCustom__Transport__.js	drifted	294	308	80	1.0.0	1.0.0
51__System__LayoutEditor	51__System__LayoutEditor	56__Feature__ScrapbookCustom/Na__LayoutEditor__Styles__ScrapbookCustom__.css	header-only	48	49	15	1.0.0	1.0.0
51__System__LayoutEditor	51__System__LayoutEditor	57__Feature__ScrapbookParametric/Na__LayoutEditor__Panel__ScrapbookParametric__.js	drifted	1346	561	829	1.8.0	1.0.0
51__System__LayoutEditor	51__System__LayoutEditor	57__Feature__ScrapbookParametric/Na__LayoutEditor__ScrapbookParametric__.js	drifted	1002	731	343		1.0.0
51__System__LayoutEditor	51__System__LayoutEditor	57__Feature__ScrapbookParametric/Na__LayoutEditor__ScrapbookParametric__AreaSchedule__.js	tv-only	668			1.1.0	
51__System__LayoutEditor	51__System__LayoutEditor	57__Feature__ScrapbookParametric/Na__LayoutEditor__ScrapbookParametric__CabinetInfill__.js	tv-only	990				
51__System__LayoutEditor	51__System__LayoutEditor	57__Feature__ScrapbookParametric/Na__LayoutEditor__ScrapbookParametric__Config__.json	drifted	655	209	474		
51__System__LayoutEditor	51__System__LayoutEditor	57__Feature__ScrapbookParametric/Na__LayoutEditor__ScrapbookParametric__DrawingTitle__.js	drifted	595	375	328		1.0.0
51__System__LayoutEditor	51__System__LayoutEditor	57__Feature__ScrapbookParametric/Na__LayoutEditor__ScrapbookParametric__Grips__.js	drifted	725	438	361	1.6.0	1.0.0
51__System__LayoutEditor	51__System__LayoutEditor	57__Feature__ScrapbookParametric/Na__LayoutEditor__ScrapbookParametric__LinkNoodle__.js	drifted	604	583	53	1.2.2	1.0.0
51__System__LayoutEditor	51__System__LayoutEditor	57__Feature__ScrapbookParametric/Na__LayoutEditor__ScrapbookParametric__ProjectQr__.js	tv-only	810			1.3.0	
51__System__LayoutEditor	51__System__LayoutEditor	57__Feature__ScrapbookParametric/Na__LayoutEditor__ScrapbookParametric__ScaleBar__.js	drifted	461	440	41	1.1.0	1.0.0
51__System__LayoutEditor	51__System__LayoutEditor	57__Feature__ScrapbookParametric/Na__LayoutEditor__ScrapbookParametric__SiteLegendLink__.js	tv-only	442			1.0.0	
51__System__LayoutEditor	51__System__LayoutEditor	57__Feature__ScrapbookParametric/Na__LayoutEditor__ScrapbookParametric__SiteLegend__.js	tv-only	894			1.0.0	
51__System__LayoutEditor	51__System__LayoutEditor	57__Feature__ScrapbookParametric/Na__LayoutEditor__ScrapbookParametric__ViewportLink__.js	drifted	799	715	140		
51__System__LayoutEditor	51__System__LayoutEditor	57__Feature__ScrapbookParametric/Na__LayoutEditor__Styles__ScrapbookParametric__.css	drifted	285	195	108	1.3.0	1.0.0
51__System__LayoutEditor	51__System__LayoutEditor	58__Feature__ScrapbookSpecification/Na__LayoutEditor__Panel__ScrapbookSpecification__.js	tv-only	797			1.2.0	
51__System__LayoutEditor	51__System__LayoutEditor	58__Feature__ScrapbookSpecification/Na__LayoutEditor__ScrapbookSpecification__.js	tv-only	446			1.0.1	
51__System__LayoutEditor	51__System__LayoutEditor	58__Feature__ScrapbookSpecification/Na__LayoutEditor__ScrapbookSpecification__Config__.json	tv-only	89				
51__System__LayoutEditor	51__System__LayoutEditor	58__Feature__ScrapbookSpecification/Na__LayoutEditor__ScrapbookSpecification__RowEditor__.js	tv-only	469			1.1.0	
51__System__LayoutEditor	51__System__LayoutEditor	58__Feature__ScrapbookSpecification/Na__LayoutEditor__Styles__ScrapbookSpecification__.css	tv-only	419			1.2.0	
51__System__LayoutEditor	51__System__LayoutEditor	59__Feature__FloorAreas/Na__LayoutEditor__FloorAreas__.js	tv-only	849			1.2.2	
51__System__LayoutEditor	51__System__LayoutEditor	59__Feature__FloorAreas/Na__LayoutEditor__FloorAreas__Config__.json	tv-only	158				
51__System__LayoutEditor	51__System__LayoutEditor	59__Feature__FloorAreas/Na__LayoutEditor__FloorAreas__Geometry__.js	tv-only	566			1.1.0	
51__System__LayoutEditor	51__System__LayoutEditor	59__Feature__FloorAreas/Na__LayoutEditor__FloorAreas__LabelGrip__.js	tv-only	315			1.0.0	
51__System__LayoutEditor	51__System__LayoutEditor	59__Feature__FloorAreas/Na__LayoutEditor__FloorAreas__Menu__.js	tv-only	204			1.1.1	
51__System__LayoutEditor	51__System__LayoutEditor	59__Feature__FloorAreas/Na__LayoutEditor__FloorAreas__Paint__.js	tv-only	231			1.1.0	
51__System__LayoutEditor	51__System__LayoutEditor	59__Feature__FloorAreas/Na__LayoutEditor__FloorAreas__Table__.js	tv-only	492			1.1.0	
51__System__LayoutEditor	51__System__LayoutEditor	59__Feature__FloorAreas/Na__LayoutEditor__FloorAreas__Tool__.js	tv-only	309			1.0.0	
51__System__LayoutEditor	51__System__LayoutEditor	59__Feature__FloorAreas/Na__LayoutEditor__Panel__FloorAreas__.js	tv-only	871			1.2.1	
51__System__LayoutEditor	51__System__LayoutEditor	59__Feature__FloorAreas/Na__LayoutEditor__Styles__FloorAreas__.css	tv-only	227				
51__System__LayoutEditor	51__System__LayoutEditor	60__Feature__PdfExport/Na__LayoutEditor__PdfExporter__.js	drifted	585	339	364	1.12.0	1.2.0
51__System__LayoutEditor	51__System__LayoutEditor	60__Feature__PdfExport/Na__LayoutEditor__PdfFilename__.js	header-only	181	184	13	1.0.0	1.0.0
51__System__LayoutEditor	51__System__LayoutEditor	60__Feature__PdfExport/Na__LayoutEditor__PdfFonts__.js	tv-only	250			1.0.0	
51__System__LayoutEditor	51__System__LayoutEditor	65__Feature__DocumentPublishing/Na__LayoutEditor__Publish__.js	tv-only	707			1.1.0	
51__System__LayoutEditor	51__System__LayoutEditor	65__Feature__DocumentPublishing/Na__LayoutEditor__Publish__Config__.json	tv-only	54				
51__System__LayoutEditor	51__System__LayoutEditor	65__Feature__DocumentPublishing/Na__LayoutEditor__Publish__Panel__.js	tv-only	285			1.1.0	
51__System__LayoutEditor	51__System__LayoutEditor	65__Feature__DocumentPublishing/Na__LayoutEditor__Publish__Raster__.js	tv-only	340			1.0.0	
51__System__LayoutEditor	51__System__LayoutEditor	65__Feature__DocumentPublishing/Na__LayoutEditor__Publish__Sheet__.js	tv-only	479			1.0.0	
51__System__LayoutEditor	51__System__LayoutEditor	65__Feature__DocumentPublishing/Na__LayoutEditor__Publish__Transport__.js	tv-only	282			1.0.0	
51__System__LayoutEditor	51__System__LayoutEditor	65__Feature__DocumentPublishing/Na__LayoutEditor__Publish__Viewports__.js	tv-only	457			1.1.0	
51__System__LayoutEditor	51__System__LayoutEditor	66__Feature__DocumentSharing/Na__LayoutEditor__Share__Button__.js	tv-only	454			1.0.0	
51__System__LayoutEditor	51__System__LayoutEditor	66__Feature__DocumentSharing/Na__LayoutEditor__Share__Config__.json	tv-only	61				
51__System__LayoutEditor	51__System__LayoutEditor	66__Feature__DocumentSharing/Na__LayoutEditor__Share__Links__.js	tv-only	418			1.0.0	
51__System__LayoutEditor	51__System__LayoutEditor	66__Feature__DocumentSharing/Na__LayoutEditor__Share__Manifest__.js	tv-only	487			1.0.0	
51__System__LayoutEditor	51__System__LayoutEditor	66__Feature__DocumentSharing/Na__LayoutEditor__Share__Open__.js	tv-only	364			1.0.0	
51__System__LayoutEditor	51__System__LayoutEditor	66__Feature__DocumentSharing/Na__LayoutEditor__Styles__Share__.css	tv-only	220				
51__System__LayoutEditor	51__System__LayoutEditor	66__Feature__DocumentSharing/README__DocumentSharing__.md	tv-only	112				
51__System__LayoutEditor	51__System__LayoutEditor	70__DevTools__DevMenu/Na__LayoutEditor__DevMenu__Controls__.js	drifted	305	413	224	1.3.0	1.4.0
51__System__LayoutEditor	51__System__LayoutEditor	80__Feature__WebViewer/Na__LayoutEditor__Styles__WebViewer__.css	header-only	289	294	13		
51__System__LayoutEditor	51__System__LayoutEditor	80__Feature__WebViewer/Na__LayoutEditor__WebViewer__.js	drifted	706	496	254	1.2.0	1.1.0
51__System__LayoutEditor	51__System__LayoutEditor	80__Feature__WebViewer/Na__LayoutEditor__WebViewer__Drawings__.js	header-only	336	339	9	1.1.0	1.1.0
51__System__LayoutEditor	51__System__LayoutEditor	80__Feature__WebViewer/Na__LayoutEditor__WebViewer__Spec__.js	header-only	262	265	9	1.0.0	1.0.0
51__System__LayoutEditor	51__System__LayoutEditor	80__Feature__WebViewer/Na__LayoutEditor__WebViewer__TouchControls__.js	header-only	498	501	9	1.1.0	1.1.0
01__AppCore	01__AppCore	AppCore__DataLib__Loader.js	drifted	270	281	101		1.0.0
01__AppCore	01__AppCore	Na__AppConfig__Loader.js	header-only	44	26	20		
01__AppCore	01__AppCore	Na__AppCore__GpuLifecycle__.js	vv-only		231			1.0.0
01__AppCore	01__AppCore	Na__AppCore__LoadWatchdog__.js	vv-only		163			1.0.0
01__AppCore	01__AppCore	Na__AppFlow__LoadingSequence.js	drifted	1524	1619	1915	1.3.1	1.7.0
01__AppCore	01__AppCore	Na__AppLoader__ProjectDataLoader__.js	tv-only	1				
02__AppData	02__AppData	Na__AppConfig__Main.json	drifted	342	404	282		
02__AppData	02__AppData	Na__AppConfig__MaterialsLibrary.json	vv-only		175			
02__AppData	02__AppData	Na__AppConfig__MaterialsLibrary__Util__LoadToModelFromWeb__.rb	vv-only					
02__AppData	02__AppData	Na__Hotkeys__3dModelTab__.json	tv-only	221				
02__AppData	02__AppData	Na__ValeVision__HotkeysDictionary__.json	vv-only		313			
03__AppUtils	03__AppUtils	Na__AppUtils__ConfirmDialog.js	header-only	215	206	11	1.0.0	1.0.0
03__AppUtils	03__AppUtils	Na__AppUtils__DevGate__.js	drifted	248	250	58	1.1.0	1.1.0
03__AppUtils	03__AppUtils	Na__AppUtils__KeyScope__.js	tv-only	237			1.1.0	
03__AppUtils	03__AppUtils	Na__AppUtils__LoadingOverlay__.js	vv-only		170			1.0.0
03__AppUtils	03__AppUtils	Na__AppUtils__LocalProjectMirror__.js	tv-only	447			1.2.0	
03__AppUtils	03__AppUtils	Na__AppUtils__ProjectLoader.js	drifted	342	551	637	2.0.1	1.0.0
03__AppUtils	03__AppUtils	Na__AppUtils__R2AssetUpload__.js	drifted	165	258	281	1.0.1	1.0.0
03__AppUtils	03__AppUtils	Na__AppUtils__R2DrawingNotes__.js	vv-only		296			1.0.0
03__AppUtils	03__AppUtils	Na__AppUtils__R2SaveProjectJson__.js	vv-only		237			1.2.0
03__AppUtils	03__AppUtils	Na__AppUtils__ResilientLoad__.js	vv-only		217			1.0.0
03__AppUtils	03__AppUtils	Na__AppUtils__SnapshotHistory.js	tv-only	273			1.0.0	
03__AppUtils	03__AppUtils	Na__AppUtils__SnapshotHistory__.js	vv-only		287			1.0.0
03__AppUtils	03__AppUtils	Na__AppUtils__ValeVision__HotkeyHandler__.js	vv-only		163			1.0.0
21__System__PresentationMode	21__System__PresentationMode	Na__PresentationMode__Camera__SceneTransition.js	drifted	694	698	520	1.0.0	1.5.0
21__System__PresentationMode	21__System__PresentationMode	Na__PresentationMode__DevMenu__BatchOps__.js	drifted	550	506	246	1.2.0	1.1.0
21__System__PresentationMode	21__System__PresentationMode	Na__PresentationMode__DevMenu__GroupEditor__.js	drifted	555	588	61	1.0.0	1.0.0
21__System__PresentationMode	21__System__PresentationMode	Na__PresentationMode__DevMenu__Modal__.js	drifted	520	485	69	1.2.0	1.0.0
21__System__PresentationMode	21__System__PresentationMode	Na__PresentationMode__DevMenu__SceneEditor.js	drifted	2583	1560	2451	1.4.0	1.4.0
21__System__PresentationMode	21__System__PresentationMode	Na__PresentationMode__DevMenu__SceneLightingRows__.js	header-only	476	476	24	1.0.0	1.0.0
21__System__PresentationMode	21__System__PresentationMode	Na__PresentationMode__DevMenu__ScenePersistence__.js	vv-only		237			1.0.0
21__System__PresentationMode	21__System__PresentationMode	Na__PresentationMode__DevMenu__SceneReorder__.js	vv-only		303			1.0.0
21__System__PresentationMode	21__System__PresentationMode	Na__PresentationMode__DevMenu__SceneRowBuilders__.js	vv-only		990			1.3.0
21__System__PresentationMode	21__System__PresentationMode	Na__PresentationMode__DevTools__CameraPathVisualizer.js	vv-only		367			1.0.0
21__System__PresentationMode	21__System__PresentationMode	Na__PresentationMode__ProjectJson__SceneData.js	drifted	473	598	427	1.1.1	1.0.0
21__System__PresentationMode	21__System__PresentationMode	Na__PresentationMode__SceneGroups__AppConfig__.json	header-only	68	74	8		
21__System__PresentationMode	21__System__PresentationMode	Na__PresentationMode__SceneGroups__Data__.js	header-only	595	606	47	1.0.0	1.0.0
21__System__PresentationMode	21__System__PresentationMode	Na__PresentationMode__Styles__SceneGroupSelector__.css	drifted	534	564	204		1.0.0
21__System__PresentationMode	21__System__PresentationMode	Na__PresentationMode__Thumbnail__Renderer.js	drifted	287	263	192	1.1.0	1.1.0
21__System__PresentationMode	21__System__PresentationMode	Na__PresentationMode__UI__SceneCarousel.js	drifted	846	969	359	1.3.0	1.4.0
21__System__PresentationMode	21__System__PresentationMode	Na__PresentationMode__UI__SceneGroupSelector__.js	header-only	474	485	39	1.0.0	1.0.0
21__System__PresentationMode	21__System__PresentationMode	Na__PresentationMode__Visibility__StateCapture.js	tv-only	196			1.0.0	
70__System__DevTools	70__System__DevTools	Na__UiFeature__AssetCullDistance__DevControls.js	tv-only	368			1.0.0	
70__System__DevTools	70__System__DevTools	Na__UiFeature__DevMenu__CacheAndStorage__Controls.js	tv-only	417			1.0.0	
70__System__DevTools	70__System__DevTools	Na__UiFeature__DevMenu__LocalhostOnly.js	drifted	150	164	88	1.0.0	1.0.0
70__System__DevTools	70__System__DevTools	Na__UiFeature__NavigationModes__DevControls.js	drifted	168	192	94	1.0.0	1.0.0
70__System__DevTools	70__System__DevTools	Na__UiFeature__ProfileLines__Controls.js	vv-only		174			1.0.0
70__System__DevTools	70__System__DevTools	Na__UiFeature__PurgeAppCache__Button.js	header-only	97	86	55	1.0.0	1.0.0
70__System__DevTools	70__System__DevTools	Na__UiFeature__RenderEngine__DevControls.js	vv-only		230			1.0.0
70__System__DevTools	70__System__DevTools	Na__UiFeature__SceneInspector__Controls.js	drifted	988	741	857	1.1.0	1.2.0
15__ModelLoader	15__ModelLoader	Na__ModelLoader__ContentStamp__.js	header-only	214	218	18	1.0.0	1.0.0
15__ModelLoader	15__ModelLoader	Na__ModelLoader__InstanceConsolidation__.js	tv-only	226			1.0.0	
15__ModelLoader	15__ModelLoader	Na__ModelLoader__LineworkColours__.js	tv-only	334			1.0.0	
15__ModelLoader	15__ModelLoader	Na__ModelLoader__MultiModel.js	drifted	894	936	1182	1.4.0	1.3.0
06__Scene__LightingEffects	06__Scene__LightingEffects	Na__Scene__DefaultSceneLighting.js	drifted	135	144	27		
06__Scene__LightingEffects	06__Scene__LightingEffects	Na__Scene__PerSceneLighting__.js	header-only	610	610	18	1.0.0	1.0.0
26__System__ToggleModelElements	26__System__ToggleModelElements	3dObject__IsolateBuildingStoreys__SystemLogic__.js	tv-only	207				
26__System__ToggleModelElements	26__System__ToggleModelElements	3dObject__ViewBuildingStoreys__README__.md	drifted	526	525	17		
26__System__ToggleModelElements	26__System__ToggleModelElements	3dObject__ViewBuildingStoreys__SystemLogic__.js	drifted	437	387	54	1.1.0	
26__System__ToggleModelElements	26__System__ToggleModelElements	Na__ModelGroup__PhaseLibrary__.js	tv-only	602			1.0.0	
26__System__ToggleModelElements	26__System__ToggleModelElements	Na__UiFeature__DevMenu__LocalhostOnly.js	tv-only	48				
26__System__ToggleModelElements	26__System__ToggleModelElements	Na__UiFeature__ModelGroupSelector.js	tv-only	325			1.1.0	
26__System__ToggleModelElements	26__System__ToggleModelElements	Na__UiFeature__ModelGroupTransitionOverlay__.js	tv-only	127			1.0.0	
26__System__ToggleModelElements	26__System__ToggleModelElements	Na__UiFeature__ModelToggle__Controls.js	drifted	531	419	452		1.2.2
26__System__ToggleModelElements	26__System__ToggleModelElements	Na__UiFeature__StoreyIsolate__Controls.js	tv-only	248				
26__System__ToggleModelElements	26__System__ToggleModelElements	Na__UiFeature__StoreyView__Controls.js	tv-only	299				
30__System__ImageExport	30__System__ImageExport	Na__ImageExport__AsyncYield__.js	header-only	113	84	45	1.0.0	
30__System__ImageExport	30__System__ImageExport	Na__ImageExport__PostProcessEffects__HighPassSharpen.js	drifted	121	175	204		
30__System__ImageExport	30__System__ImageExport	Na__ImageExport__PostProcessEffects__Levels.js	header-only	87	115	122		
30__System__ImageExport	30__System__ImageExport	Na__ImageExport__PostProcessEffects__Pipeline.js	header-only	107	113	40		
30__System__ImageExport	30__System__ImageExport	Na__ImageExport__StaticExport__TilePlan__.js	drifted	272	264	64	1.0.0	1.0.0
30__System__ImageExport	30__System__ImageExport	Na__ImageExport__StaticExport__TiledRenderer.js	drifted	546	676	792	2.1.0	1.0.0
30__System__ImageExport	30__System__ImageExport	Na__UiFeature__ImageExport__Controls.js	drifted	556	756	612		
30__System__ImageExport	30__System__ImageExport	Na__UiFeature__ImageExport__ViewportOverlays.js	drifted	244	269	27		
30__System__ImageExport	30__System__ImageExport	Na__UiFeature__LineworkSettings__Controls.js	vv-only		184			1.0.0
10__NavigationAndCameras	10__NavigationAndCameras	Na__Camera__ProjectStartState.js	drifted	166	176	40	1.0.0	1.0.0
10__NavigationAndCameras	10__NavigationAndCameras	Na__DefaultNavmode__IpadControls.js	drifted	166	269	239		1.0.0
10__NavigationAndCameras	10__NavigationAndCameras	Na__DefaultNavmode__MouseControls.js	drifted	258	456	396		1.0.0
10__NavigationAndCameras	10__NavigationAndCameras	Na__Hotkeys__Manager.js	tv-only	354			1.0.0	
10__NavigationAndCameras	10__NavigationAndCameras	Na__NavigationModes__State.js	header-only	112	147	67	1.0.0	1.0.0
10__NavigationAndCameras	10__NavigationAndCameras	Na__NavigationModes__Switcher.js	drifted	168	407	371	1.0.0	1.0.0
10__NavigationAndCameras	10__NavigationAndCameras	Na__Navmode__FlyMode__DesktopControls.js	drifted	438	443	31	1.0.0	1.0.0
10__NavigationAndCameras	10__NavigationAndCameras	Na__Navmode__FlyMode__SystemLogic.js	drifted	600	628	76	1.0.0	1.0.0
10__NavigationAndCameras	10__NavigationAndCameras	Na__Navmode__FlyMode__TouchScreenControls.js	drifted	388	390	28	1.0.0	1.0.0
10__NavigationAndCameras	10__NavigationAndCameras	Na__Navmode__ModeTransition.js	drifted	241	352	139	1.0.0	1.0.0
10__NavigationAndCameras	10__NavigationAndCameras	Na__Navmode__OrbitControls__Damping.js	identical	39	39	0		
10__NavigationAndCameras	10__NavigationAndCameras	Na__Navmode__OrbitMode__SystemLogic.js	drifted	153	227	174		1.0.0
10__NavigationAndCameras	10__NavigationAndCameras	Na__Navmode__OrbitPivot__InteractionSwap.js	vv-only		202			1.0.0
10__NavigationAndCameras	10__NavigationAndCameras	Na__Navmode__WalkMode__DesktopControls.js	drifted	364	366	26	1.0.0	1.0.0
10__NavigationAndCameras	10__NavigationAndCameras	Na__Navmode__WalkMode__SystemLogic.js	drifted	947	924	415	1.0.0	1.0.0
10__NavigationAndCameras	10__NavigationAndCameras	Na__Navmode__WalkMode__TouchScreenControls.js	header-only	361	360	7	1.0.0	1.0.0
10__NavigationAndCameras	10__NavigationAndCameras	Na__UiFeature__FlyModeControls.js	drifted	202	214	38	1.0.0	1.0.0
10__NavigationAndCameras	10__NavigationAndCameras	Na__UiFeature__FlyModeEventListeners.js	header-only	83	82	43	1.1.0	1.0.0
10__NavigationAndCameras	10__NavigationAndCameras	Na__UiFeature__NavigationHelpPanel__Controls.js	drifted	197	372	219	1.0.0	1.4.0
10__NavigationAndCameras	10__NavigationAndCameras	Na__UiFeature__NavigationToolbar__Controls.js	drifted	465	443	274	1.2.0	1.0.0
10__NavigationAndCameras	10__NavigationAndCameras	Na__UiFeature__WalkModeControls.js	drifted	203	209	58	1.0.0	1.0.0
10__NavigationAndCameras	10__NavigationAndCameras	Na__UiFeature__WalkModeEventListeners.js	header-only	86	82	38	1.1.0	1.0.0
