relpath	lines	bytes
.cursorignore		222
.cursorrules		11285
.cursorworkspace__ValeVision3D__.code-workspace		7969
.cursorworkspace__ValeVision3D__HomePc__.code-workspace		6952
Research__RubySceneData__RIPDOWN__.md	72	8868
TASK__25-Jun-2026__SketchUpToGlb__.md	411	37005
ValeVision__DEVLOG__.md	9178	668106
ValeVision__PARITY__TrueVisionLedger__.md	1246	144988
ValeVision__PLAN__TrueVisionPort__LayoutEditor__.md	885	101185
ValeVision__README__.md	413	24956
index.html	2347	173363
install-guide.html	858	49067
.cursor/debug.log		273708
.cursor/rules/00-AgentRole-Global-.mdc		1037
.cursor/rules/01-NamingConvention-Global-.mdc		2342
.cursor/rules/02-dependency-Traversal-Protocol-.mdc		2056
.cursor/rules/03-AppConfig-Global-Critical-.mdc		691
.cursor/rules/04-CodingConventions-Global-.mdc		1025
.cursor/rules/05-Function-and-Class-Design-Principles-.mdc		1714
.cursor/rules/06-World-Units-And-Conversions-Required-Global-.mdc		1183
.cursor/rules/07-RenderEngine-Architecture-.mdc		3164
.cursor/rules/08-R2IndexArchitecture--ValeVision3D-SSOT-.mdc		5771
00__Archive/ValeVision3D__0.1.0__10-Feb-2026__.zip		21121739
00__Archive/ValeVision3D__0.1.6__16-Feb-2026__.zip		22625672
01__AppAssets__ValeVision/05__AppAssets__SkyDomes/HdriSkydome__RuralLandscape__AutumnField__SunnyDay__4k__.hdr		25683895
01__AppAssets__ValeVision/05__AppAssets__SkyDomes/HdriSkydome__RuralLandscape__AutumnField__SunnyDay__OptimisedVersion__1024p__.hdr		1526912
01__AppAssets__ValeVision/MeasureToolIcons/Icon__MeasureTools__AreaMeasurment__.png		19360
01__AppAssets__ValeVision/MeasureToolIcons/Icon__MeasureTools__ClearMeasurements__.png		27789
01__AppAssets__ValeVision/MeasureToolIcons/Icon__MeasureTools__LinearMeasurment__.png		18437
01__AppAssets__ValeVision/MeasureToolIcons/Icon__MeasureTools__RectangularMeasurment__.png		27003
01__AppAssets__ValeVision/MeasureToolIcons/Icon__MeasureTools__TapeMeasure__.png		41144
01__AppAssets__ValeVision/UiIcons__MenuIcons__NavigationMenu/Icon__NavigationMenu__FlyMode__.png		10914
01__AppAssets__ValeVision/UiIcons__MenuIcons__NavigationMenu/Icon__NavigationMenu__IconsCollectionArtboard__.png		40073
01__AppAssets__ValeVision/UiIcons__MenuIcons__NavigationMenu/Icon__NavigationMenu__OpenNavHelpPanel__.png		11842
01__AppAssets__ValeVision/UiIcons__MenuIcons__NavigationMenu/Icon__NavigationMenu__OrbitMode__.png		10286
01__AppAssets__ValeVision/UiIcons__MenuIcons__NavigationMenu/Icon__NavigationMenu__ResetView__.png		9511
01__AppAssets__ValeVision/UiIcons__MenuIcons__NavigationMenu/Icon__NavigationMenu__WalkMode__.png		8399
01__AppAssets__ValeVision/UiIcons__MenuIcons__NavigationMenu/UI__Idea__NavigationMenu__.png		1582908
01__AppAssets__ValeVision/UiIcons__MenuIcons__NavigationMenu/01__ProductionFiles01__ProductionFiles/VgIcons__IconFabricator__NavMenuIcons__.psd		276291
01__AppAssets__ValeVision/UiIcons__MenuIcons__ToolsMenu/Icon__ToolsMenu__CameraSettings__1080p__.png		231661
01__AppAssets__ValeVision/UiIcons__MenuIcons__ToolsMenu/Icon__ToolsMenu__CameraSettings__540p__.png		87031
01__AppAssets__ValeVision/UiIcons__MenuIcons__ToolsMenu/Icon__ToolsMenu__ElevationView__1080p__.png		105664
01__AppAssets__ValeVision/UiIcons__MenuIcons__ToolsMenu/Icon__ToolsMenu__ElevationView__540p__.png		44593
01__AppAssets__ValeVision/UiIcons__MenuIcons__ToolsMenu/Icon__ToolsMenu__ExportImage__1080p__.png		158286
01__AppAssets__ValeVision/UiIcons__MenuIcons__ToolsMenu/Icon__ToolsMenu__ExportImage__540p__.png		65447
01__AppAssets__ValeVision/UiIcons__MenuIcons__ToolsMenu/Icon__ToolsMenu__FullScreen__1080p__.png		576364
01__AppAssets__ValeVision/UiIcons__MenuIcons__ToolsMenu/Icon__ToolsMenu__FullScreen__540p__.png		174185
01__AppAssets__ValeVision/UiIcons__MenuIcons__ToolsMenu/Icon__ToolsMenu__GridSystem__1080p__.png		109308
01__AppAssets__ValeVision/UiIcons__MenuIcons__ToolsMenu/Icon__ToolsMenu__GridSystem__540p__.png		48577
01__AppAssets__ValeVision/UiIcons__MenuIcons__ToolsMenu/Icon__ToolsMenu__MainMenuIcon__1080p__.png		25978
01__AppAssets__ValeVision/UiIcons__MenuIcons__ToolsMenu/Icon__ToolsMenu__MainMenuIcon__540p__.png		31267
01__AppAssets__ValeVision/UiIcons__MenuIcons__ToolsMenu/Icon__ToolsMenu__ShareLink__1080p__.png		567813
01__AppAssets__ValeVision/UiIcons__MenuIcons__ToolsMenu/Icon__ToolsMenu__ShareLink__540p__.png		161321
01__AppAssets__ValeVision/UiIcons__MenuIcons__ToolsMenu/Icon__ToolsMenu__ViewModelLayers__1080p__.png		291689
01__AppAssets__ValeVision/UiIcons__MenuIcons__ToolsMenu/Icon__ToolsMenu__ViewModelLayers__540p__.png		106215
01__AppAssets__ValeVision/UiIcons__MenuIcons__ToolsMenu/01__ProductionFiles/Icon__MeasureTools__AreaMeasurment__.png		19360
01__AppAssets__ValeVision/UiIcons__MenuIcons__ToolsMenu/01__ProductionFiles/Icon__MeasureTools__ClearMeasurements__.png		27789
01__AppAssets__ValeVision/UiIcons__MenuIcons__ToolsMenu/01__ProductionFiles/Icon__MeasureTools__LinearMeasurment__.png		18437
01__AppAssets__ValeVision/UiIcons__MenuIcons__ToolsMenu/01__ProductionFiles/Icon__MeasureTools__RectangularMeasurment__.png		27003
01__AppAssets__ValeVision/UiIcons__MenuIcons__ToolsMenu/01__ProductionFiles/Icon__MeasureTools__TapeMeasure__.png		41144
01__AppAssets__ValeVision/UiIcons__MenuIcons__ToolsMenu/01__ProductionFiles/VgIcons__IconFabricator__.psd		20347123
01__AppAssets__ValeVision/UiIcons__MenuIcons__ToolsMenu/01__ProductionFiles/VgMockUp__IconsArray__.jpg		1607197
01__AppAssets__ValeVision/UiIcons__MenuIcons__ToolsMenu/01__ProductionFiles/VgMockUp__IconsArray___upscayl_1x_digital-art-4x.png		676747
01__AppAssets__ValeVision/UiIcons__MenuIcons__ToolsMenu/01__ProductionFiles/VgMockUp__Tools__.jpg		1020218
02__Src__AppModules/01__AppCore/AppCore__DataLib__Loader.js	281	14236
02__Src__AppModules/01__AppCore/Na__AppConfig__Loader.js	26	1081
02__Src__AppModules/01__AppCore/Na__AppCore__GpuLifecycle__.js	231	11430
02__Src__AppModules/01__AppCore/Na__AppCore__LoadWatchdog__.js	163	9152
02__Src__AppModules/01__AppCore/Na__AppFlow__LoadingSequence.js	1619	102142
02__Src__AppModules/02__AppData/Na__AppConfig__Main.json	404	34083
02__Src__AppModules/02__AppData/Na__AppConfig__MaterialsLibrary.json	175	8985
02__Src__AppModules/02__AppData/Na__AppConfig__MaterialsLibrary__Util__LoadToModelFromWeb__.rb		9558
02__Src__AppModules/02__AppData/Na__ValeVision__HotkeysDictionary__.json	313	13991
02__Src__AppModules/03__AppUtils/Na__AppUtils__ConfirmDialog.js	206	10150
02__Src__AppModules/03__AppUtils/Na__AppUtils__DevGate__.js	250	12273
02__Src__AppModules/03__AppUtils/Na__AppUtils__LoadingOverlay__.js	170	8632
02__Src__AppModules/03__AppUtils/Na__AppUtils__ProjectLoader.js	551	31610
02__Src__AppModules/03__AppUtils/Na__AppUtils__R2AssetUpload__.js	258	12236
02__Src__AppModules/03__AppUtils/Na__AppUtils__R2DrawingNotes__.js	296	14595
02__Src__AppModules/03__AppUtils/Na__AppUtils__R2SaveProjectJson__.js	237	11045
02__Src__AppModules/03__AppUtils/Na__AppUtils__ResilientLoad__.js	217	11830
02__Src__AppModules/03__AppUtils/Na__AppUtils__SnapshotHistory__.js	287	12498
02__Src__AppModules/03__AppUtils/Na__AppUtils__ValeVision__HotkeyHandler__.js	163	9228
02__Src__AppModules/04__MathUtils/Na__Math__Units.js	38	1625
02__Src__AppModules/05__RenderPipeline/Na__RenderEffect__LineworkSettings__State.js	310	17651
02__Src__AppModules/05__RenderPipeline/Na__RenderEffect__ProfileLines__.js	441	25114
02__Src__AppModules/05__RenderPipeline/Na__RenderEffect__ProgressiveRefine__.js	831	46971
02__Src__AppModules/05__RenderPipeline/Na__RenderEffect__SectionClipping__State.js	157	7389
02__Src__AppModules/05__RenderPipeline/Na__RenderEffect__Supersampler__.js	560	28291
02__Src__AppModules/05__RenderPipeline/Na__RenderEngine__State.js	155	7214
02__Src__AppModules/05__RenderPipeline/Na__RenderLoop__Invalidation.js	128	6085
02__Src__AppModules/05__RenderPipeline/Na__UiFeature__RenderEngine__Controls.js	191	9420
02__Src__AppModules/05__RenderPipeline/Na__UiFeature__VisualEffects__Controls.js	318	15686
02__Src__AppModules/05__RenderPipeline/01__Engine__PureEngine/Na__RenderPipeline__PureEngine__Setup.js	185	9332
02__Src__AppModules/05__RenderPipeline/02__Engine__MaxEngine/Na__RenderEffect__DistanceCulling__.js	345	17774
02__Src__AppModules/05__RenderPipeline/02__Engine__MaxEngine/Na__RenderPipeline__MaxEngine__Setup.js	342	19491
02__Src__AppModules/06__Scene__LightingEffects/Na__Scene__DefaultSceneLighting.js	144	7832
02__Src__AppModules/06__Scene__LightingEffects/Na__Scene__PerSceneLighting__.js	610	34124
02__Src__AppModules/07__Scene__EnvironmentEffects/Na__RenderEffect__AmbientOcclusion__.js	452	24173
02__Src__AppModules/07__Scene__EnvironmentEffects/Na__RenderEffect__AmbientOcclusion__Shader.js	365	17813
02__Src__AppModules/10__NavigationAndCameras/Na__Camera__ProjectStartState.js	176	9581
02__Src__AppModules/10__NavigationAndCameras/Na__DefaultNavmode__IpadControls.js	269	13002
02__Src__AppModules/10__NavigationAndCameras/Na__DefaultNavmode__MouseControls.js	456	22699
02__Src__AppModules/10__NavigationAndCameras/Na__NavigationModes__State.js	147	7134
02__Src__AppModules/10__NavigationAndCameras/Na__NavigationModes__Switcher.js	407	20250
02__Src__AppModules/10__NavigationAndCameras/Na__Navmode__FlyMode__DesktopControls.js	443	22445
02__Src__AppModules/10__NavigationAndCameras/Na__Navmode__FlyMode__SystemLogic.js	628	32658
02__Src__AppModules/10__NavigationAndCameras/Na__Navmode__FlyMode__TouchScreenControls.js	390	18217
02__Src__AppModules/10__NavigationAndCameras/Na__Navmode__ModeTransition.js	352	16987
02__Src__AppModules/10__NavigationAndCameras/Na__Navmode__OrbitControls__Damping.js	39	1605
02__Src__AppModules/10__NavigationAndCameras/Na__Navmode__OrbitMode__SystemLogic.js	227	10210
02__Src__AppModules/10__NavigationAndCameras/Na__Navmode__OrbitPivot__InteractionSwap.js	202	10285
02__Src__AppModules/10__NavigationAndCameras/Na__Navmode__WalkMode__DesktopControls.js	366	17657
02__Src__AppModules/10__NavigationAndCameras/Na__Navmode__WalkMode__SystemLogic.js	924	44761
02__Src__AppModules/10__NavigationAndCameras/Na__Navmode__WalkMode__TouchScreenControls.js	360	16903
02__Src__AppModules/10__NavigationAndCameras/Na__UiFeature__FlyModeControls.js	214	11444
02__Src__AppModules/10__NavigationAndCameras/Na__UiFeature__FlyModeEventListeners.js	82	3977
02__Src__AppModules/10__NavigationAndCameras/Na__UiFeature__NavigationHelpPanel__Controls.js	372	19926
02__Src__AppModules/10__NavigationAndCameras/Na__UiFeature__NavigationToolbar__Controls.js	443	24166
02__Src__AppModules/10__NavigationAndCameras/Na__UiFeature__WalkModeControls.js	209	11158
02__Src__AppModules/10__NavigationAndCameras/Na__UiFeature__WalkModeEventListeners.js	82	4060
02__Src__AppModules/11__CameraUtils/Na__UiFeature__CameraLens__Controls.js	161	8295
02__Src__AppModules/11__CameraUtils/Na__UiFeature__CameraPosition__Controls.js	260	11632
02__Src__AppModules/11__CameraUtils/Na__UiFeature__Camera__VerticalCorrection__Controls.js	87	4086
02__Src__AppModules/11__CameraUtils/Na__UiFeature__Camera__VerticalCorrection__EffectLogic.js	133	6806
02__Src__AppModules/11__CameraUtils/Na__UiFeature__Camera__VerticalCorrection__NavLockNotification.js	164	7810
02__Src__AppModules/11__CameraUtils/Na__UiFeature__OrbitMaxDistance__DevControls.js	348	18100
02__Src__AppModules/11__CameraUtils/Na__UiFeature__SaveCameraSettings.js	169	8781
02__Src__AppModules/15__ModelLoader/Na__ModelLoader__ContentStamp__.js	218	11561
02__Src__AppModules/15__ModelLoader/Na__ModelLoader__MultiModel.js	936	56095
02__Src__AppModules/20__System__MaterialsSystem/Na__MaterialsSystem__LibraryLoader.js	209	10882
02__Src__AppModules/20__System__MaterialsSystem/Na__MaterialsSystem__MaterialSwap.js	767	40212
02__Src__AppModules/21__System__PresentationMode/Na__PresentationMode__Camera__SceneTransition.js	698	38274
02__Src__AppModules/21__System__PresentationMode/Na__PresentationMode__DevMenu__BatchOps__.js	506	26385
02__Src__AppModules/21__System__PresentationMode/Na__PresentationMode__DevMenu__GroupEditor__.js	588	28462
02__Src__AppModules/21__System__PresentationMode/Na__PresentationMode__DevMenu__Modal__.js	485	23007
02__Src__AppModules/21__System__PresentationMode/Na__PresentationMode__DevMenu__SceneEditor.js	1560	87319
02__Src__AppModules/21__System__PresentationMode/Na__PresentationMode__DevMenu__SceneLightingRows__.js	476	21618
02__Src__AppModules/21__System__PresentationMode/Na__PresentationMode__DevMenu__ScenePersistence__.js	237	11878
02__Src__AppModules/21__System__PresentationMode/Na__PresentationMode__DevMenu__SceneReorder__.js	303	16201
02__Src__AppModules/21__System__PresentationMode/Na__PresentationMode__DevMenu__SceneRowBuilders__.js	990	51608
02__Src__AppModules/21__System__PresentationMode/Na__PresentationMode__DevTools__CameraPathVisualizer.js	367	17862
02__Src__AppModules/21__System__PresentationMode/Na__PresentationMode__ProjectJson__SceneData.js	598	34163
02__Src__AppModules/21__System__PresentationMode/Na__PresentationMode__SceneGroups__AppConfig__.json	74	4084
02__Src__AppModules/21__System__PresentationMode/Na__PresentationMode__SceneGroups__Data__.js	606	32677
02__Src__AppModules/21__System__PresentationMode/Na__PresentationMode__Styles__SceneGroupSelector__.css	564	20847
02__Src__AppModules/21__System__PresentationMode/Na__PresentationMode__Thumbnail__Renderer.js	263	13427
02__Src__AppModules/21__System__PresentationMode/Na__PresentationMode__UI__SceneCarousel.js	969	54454
02__Src__AppModules/21__System__PresentationMode/Na__PresentationMode__UI__SceneGroupSelector__.js	485	24402
02__Src__AppModules/25__System__3dObject__InteractionSystem/3dObjectIInteraction__Animation__ClickToOpenDoors__.js	1308	67527
02__Src__AppModules/25__System__3dObject__InteractionSystem/3dObjectIInteraction__Animation__ClickToOpenDoors__README__.md	375	14108
02__Src__AppModules/25__System__3dObject__InteractionSystem/3dObjectInteraction__Animation__CameraFollowBillboards__.js	394	21064
02__Src__AppModules/25__System__3dObject__InteractionSystem/3dObjectInteraction__Animation__WalkMode__ProximityToOpenDoors__.js	441	21545
02__Src__AppModules/26__System__ToggleModelElements/3dObject__ViewBuildingStoreys__README__.md	525	17865
02__Src__AppModules/26__System__ToggleModelElements/3dObject__ViewBuildingStoreys__SystemLogic__.js	387	19467
02__Src__AppModules/26__System__ToggleModelElements/Na__UiFeature__ModelToggle__Controls.js	419	24550
02__Src__AppModules/28__System__GridLineSystem/Na__GridLineSysem__Config.json	54	3420
02__Src__AppModules/28__System__GridLineSystem/Na__GridLineSysem__GridCreationLogic.js	300	13577
02__Src__AppModules/28__System__GridLineSystem/Na__GridLineSystem__UiElement.js	721	37328
02__Src__AppModules/29__System__FogPlaneSystem/Na__FogPlaneSystem__CameraConstraint.js	163	7058
02__Src__AppModules/29__System__FogPlaneSystem/Na__FogPlaneSystem__Config.json	42	2419
02__Src__AppModules/29__System__FogPlaneSystem/Na__FogPlaneSystem__FogShaderEffect.js	247	11158
02__Src__AppModules/29__System__FogPlaneSystem/Na__FogPlaneSystem__PlaneCreation.js	583	27498
02__Src__AppModules/29__System__FogPlaneSystem/Na__FogPlaneSystem__SaveSettings.js	147	7021
02__Src__AppModules/29__System__FogPlaneSystem/Na__FogPlaneSystem__SystemLogic.js	443	20741
02__Src__AppModules/29__System__FogPlaneSystem/Na__FogPlaneSystem__UiControls.js	358	16803
02__Src__AppModules/30__System__ImageExport/Na__ImageExport__AsyncYield__.js	84	4260
02__Src__AppModules/30__System__ImageExport/Na__ImageExport__PostProcessEffects__HighPassSharpen.js	175	11187
02__Src__AppModules/30__System__ImageExport/Na__ImageExport__PostProcessEffects__Levels.js	115	6051
02__Src__AppModules/30__System__ImageExport/Na__ImageExport__PostProcessEffects__Pipeline.js	113	6592
02__Src__AppModules/30__System__ImageExport/Na__ImageExport__StaticExport__TilePlan__.js	264	12698
02__Src__AppModules/30__System__ImageExport/Na__ImageExport__StaticExport__TiledRenderer.js	676	41056
02__Src__AppModules/30__System__ImageExport/Na__UiFeature__ImageExport__Controls.js	756	44741
02__Src__AppModules/30__System__ImageExport/Na__UiFeature__ImageExport__ViewportOverlays.js	269	15013
02__Src__AppModules/30__System__ImageExport/Na__UiFeature__LineworkSettings__Controls.js	184	9422
02__Src__AppModules/31__System__VideoStudio/Na__VideoStudio__Camera__PathSampler.js	993	48453
02__Src__AppModules/31__System__VideoStudio/Na__VideoStudio__DevMenu__Controls.js	2290	118621
02__Src__AppModules/31__System__VideoStudio/Na__VideoStudio__Edit__UndoHistory.js	364	16855
02__Src__AppModules/31__System__VideoStudio/Na__VideoStudio__Export__FrameRenderer.js	533	28885
02__Src__AppModules/31__System__VideoStudio/Na__VideoStudio__Export__Mp4Muxer.js	685	32439
02__Src__AppModules/31__System__VideoStudio/Na__VideoStudio__Export__Supersampler.js	69	3600
02__Src__AppModules/31__System__VideoStudio/Na__VideoStudio__Export__VideoEncoder.js	694	34520
02__Src__AppModules/31__System__VideoStudio/Na__VideoStudio__Playback__ModelLayers.js	172	8167
02__Src__AppModules/31__System__VideoStudio/Na__VideoStudio__Playback__PreviewController.js	829	40951
02__Src__AppModules/31__System__VideoStudio/Na__VideoStudio__Playback__SceneAnimations.js	363	18087
02__Src__AppModules/31__System__VideoStudio/Na__VideoStudio__ProjectJson__VideoData.js	1542	77673
02__Src__AppModules/31__System__VideoStudio/Na__VideoStudio__Stylesheet__.css	503	18481
02__Src__AppModules/31__System__VideoStudio/Na__VideoStudio__Timeline__ContextMenu.js	1004	51070
02__Src__AppModules/31__System__VideoStudio/Na__VideoStudio__Timeline__Controls.js	999	46394
02__Src__AppModules/31__System__VideoStudio/Na__VideoStudio__Timeline__Stylesheet__.css	809	32724
02__Src__AppModules/31__System__VideoStudio/Na__VideoStudio__Timeline__Thumbnails.js	576	29099
02__Src__AppModules/31__System__VideoStudio/Na__VideoStudio__Viewport__KeyframeDragger.js	986	49895
02__Src__AppModules/31__System__VideoStudio/Na__VideoStudio__Viewport__PathVisualizer.js	956	44746
02__Src__AppModules/35__System__PageLayoutSystem/Na__PageLayoutSystem__2dNavigationControls__.js	192	9911
02__Src__AppModules/35__System__PageLayoutSystem/Na__PageLayoutSystem__CanvasRenderPipeline__.js	276	16939
02__Src__AppModules/35__System__PageLayoutSystem/Na__PageLayoutSystem__Config.json	45	3394
02__Src__AppModules/35__System__PageLayoutSystem/Na__PageLayoutSystem__Controls__Pc__.js	360	20447
02__Src__AppModules/35__System__PageLayoutSystem/Na__PageLayoutSystem__Controls__TouchScreen__.js	393	22358
02__Src__AppModules/35__System__PageLayoutSystem/Na__PageLayoutSystem__Layout__.html	187	9256
02__Src__AppModules/35__System__PageLayoutSystem/Na__PageLayoutSystem__PdfExport__A3__.js	386	20988
02__Src__AppModules/35__System__PageLayoutSystem/Na__PageLayoutSystem__Styles__Main__.css	284	11836
02__Src__AppModules/35__System__PageLayoutSystem/Na__PageLayoutSystem__SystemLogic__Main__.js	379	20804
02__Src__AppModules/35__System__PageLayoutSystem/PageLayoutSystem__TitleBlock__A3__.png		244120
02__Src__AppModules/35__System__PageLayoutSystem/01__Dependencies__VersionLocked/jspdf.umd.js	32999	1201529
02__Src__AppModules/35__System__PageLayoutSystem/02__VizDpt__TitleBlock__Pdf__/PageLayoutSystem__TitleBlock__A3__.pdf		226052
02__Src__AppModules/35__System__PageLayoutSystem/02__VizDpt__TitleBlock__Pdf__/PageLayoutSystem__TitleBlock__A3__.png		249599
02__Src__AppModules/35__System__PageLayoutSystem/03__TitleBlock__LayoutPdfs__RecConcept__Feb-2026__/A1 landscape layout.pdf		50587
02__Src__AppModules/35__System__PageLayoutSystem/03__TitleBlock__LayoutPdfs__RecConcept__Feb-2026__/A1 landscape layout_-_Converted_From_PDF.png		435053
02__Src__AppModules/35__System__PageLayoutSystem/03__TitleBlock__LayoutPdfs__RecConcept__Feb-2026__/A1 portrait layout.pdf		50636
02__Src__AppModules/35__System__PageLayoutSystem/03__TitleBlock__LayoutPdfs__RecConcept__Feb-2026__/A1 portrait layout_-_Converted_From_PDF.png		477036
02__Src__AppModules/35__System__PageLayoutSystem/03__TitleBlock__LayoutPdfs__RecConcept__Feb-2026__/A2 landscape layout.pdf		50602
02__Src__AppModules/35__System__PageLayoutSystem/03__TitleBlock__LayoutPdfs__RecConcept__Feb-2026__/A2 landscape layout_-_Converted_From_PDF.png		317389
02__Src__AppModules/35__System__PageLayoutSystem/03__TitleBlock__LayoutPdfs__RecConcept__Feb-2026__/A2 portrait layout.pdf		50610
02__Src__AppModules/35__System__PageLayoutSystem/03__TitleBlock__LayoutPdfs__RecConcept__Feb-2026__/A2 portrait layout_-_Converted_From_PDF.png		352757
02__Src__AppModules/35__System__PageLayoutSystem/03__TitleBlock__LayoutPdfs__RecConcept__Feb-2026__/A3 landscape layout.pdf		50594
02__Src__AppModules/35__System__PageLayoutSystem/03__TitleBlock__LayoutPdfs__RecConcept__Feb-2026__/A3 landscape layout_-_Converted_From_PDF.png		252664
02__Src__AppModules/35__System__PageLayoutSystem/03__TitleBlock__LayoutPdfs__RecConcept__Feb-2026__/A3 portrait layout.pdf		50570
02__Src__AppModules/35__System__PageLayoutSystem/03__TitleBlock__LayoutPdfs__RecConcept__Feb-2026__/A3 portrait layout_-_Converted_From_PDF.png		279883
02__Src__AppModules/40__System__2dElevationsView/Na__ElevationNav__DesktopControls.js	223	10854
02__Src__AppModules/40__System__2dElevationsView/Na__ElevationNav__TouchScreenControls.js	265	13013
02__Src__AppModules/40__System__2dElevationsView/Na__ElevationView__Config.json	41	2682
02__Src__AppModules/40__System__2dElevationsView/Na__ElevationView__ExportOverrides.js	169	8564
02__Src__AppModules/40__System__2dElevationsView/Na__ElevationView__OffsetPlane__ToProjectGridOrigin.js	148	7462
02__Src__AppModules/40__System__2dElevationsView/Na__ElevationView__SystemLogic.js	1126	65555
02__Src__AppModules/40__System__2dElevationsView/Na__RenderEffect__2dProfileLines__.js	217	10553
02__Src__AppModules/40__System__2dElevationsView/Na__UiFeature__ElevationView__Controls.js	218	10809
02__Src__AppModules/41__System__CrossSectionView/Na__CrossSectionView__CapGeometry.js	597	29374
02__Src__AppModules/41__System__CrossSectionView/Na__CrossSectionView__Config.json	42	2913
02__Src__AppModules/41__System__CrossSectionView/Na__CrossSectionView__PlaneGizmo.js	204	9548
02__Src__AppModules/41__System__CrossSectionView/Na__CrossSectionView__SceneData.js	503	26534
02__Src__AppModules/41__System__CrossSectionView/Na__CrossSectionView__SystemLogic.js	1753	89179
02__Src__AppModules/41__System__CrossSectionView/Na__UiFeature__CrossSectionView__Controls.js	387	18460
02__Src__AppModules/41__System__CrossSectionView/Na__UiFeature__CrossSectionView__DevControls.js	211	10468
02__Src__AppModules/42__System__DrawingViewCore/Na__DrawView__ActiveView__.js	432	20070
02__Src__AppModules/42__System__DrawingViewCore/Na__DrawView__AppConfig__.json	48	3705
02__Src__AppModules/42__System__DrawingViewCore/Na__DrawView__ComposerPreset__.js	534	28409
02__Src__AppModules/42__System__DrawingViewCore/Na__DrawView__ConfigState__.js	309	16699
02__Src__AppModules/42__System__DrawingViewCore/Na__DrawView__MarkupFocus__.js	270	12627
02__Src__AppModules/42__System__DrawingViewCore/Na__DrawView__MarkupMount__.js	423	19378
02__Src__AppModules/42__System__DrawingViewCore/Na__DrawView__MaterialPreset__.js	340	16537
02__Src__AppModules/42__System__DrawingViewCore/Na__DrawView__Navigation__.js	493	23290
02__Src__AppModules/42__System__DrawingViewCore/Na__DrawView__ProjectData__.js	496	26298
02__Src__AppModules/42__System__DrawingViewCore/Na__DrawView__RenameDrawing__.js	398	20259
02__Src__AppModules/42__System__DrawingViewCore/Na__DrawView__RowAccordion__.js	264	12359
02__Src__AppModules/42__System__DrawingViewCore/Na__DrawView__SceneLinkRow__.js	143	6897
02__Src__AppModules/42__System__DrawingViewCore/Na__DrawView__SectionAdapter__.js	497	26112
02__Src__AppModules/42__System__DrawingViewCore/Na__DrawView__StyleRows__.js	162	7676
02__Src__AppModules/42__System__DrawingViewCore/Na__DrawView__Styles__DevMenu__.css	142	5630
02__Src__AppModules/42__System__DrawingViewCore/Na__DrawView__ThumbnailBake__.js	433	22868
02__Src__AppModules/42__System__DrawingViewCore/Na__DrawView__Transitions__.js	253	12442
02__Src__AppModules/43__System__FloorPlanViews/Na__FloorPlan__AppConfig__.json	78	6144
02__Src__AppModules/43__System__FloorPlanViews/Na__FloorPlan__ConfigState__.js	352	18192
02__Src__AppModules/43__System__FloorPlanViews/Na__FloorPlan__DevMenu__Editor__.js	849	41222
02__Src__AppModules/43__System__FloorPlanViews/Na__FloorPlan__DevMenu__RowBuilders__.js	392	18375
02__Src__AppModules/43__System__FloorPlanViews/Na__FloorPlan__Framing__.js	235	11876
02__Src__AppModules/43__System__FloorPlanViews/Na__FloorPlan__ModeController__.js	818	39626
02__Src__AppModules/43__System__FloorPlanViews/Na__FloorPlan__OrthoCamera__.js	390	18164
02__Src__AppModules/43__System__FloorPlanViews/Na__FloorPlan__ProjectJson__Data__.js	666	31253
02__Src__AppModules/43__System__FloorPlanViews/Na__FloorPlan__SceneLink__.js	341	16610
02__Src__AppModules/43__System__FloorPlanViews/Na__FloorPlan__Styles__DevMenu__.css	134	5206
02__Src__AppModules/44__System__PlanAnnotations/Na__PlanAnnotations__AppConfig__.json	71	5001
02__Src__AppModules/44__System__PlanAnnotations/Na__PlanAnnotations__Data__.js	498	25277
02__Src__AppModules/44__System__PlanAnnotations/Na__PlanAnnotations__Editor__.js	672	30536
02__Src__AppModules/44__System__PlanAnnotations/Na__PlanAnnotations__History__.js	213	9018
02__Src__AppModules/44__System__PlanAnnotations/Na__PlanAnnotations__Hotkeys__.js	496	22580
02__Src__AppModules/44__System__PlanAnnotations/Na__PlanAnnotations__Overlay__.js	436	20780
02__Src__AppModules/44__System__PlanAnnotations/Na__PlanAnnotations__Styles__.css	285	11598
02__Src__AppModules/44__System__PlanAnnotations/Na__PlanAnnotations__Toolbar__.js	614	28187
02__Src__AppModules/45__System__PlanDimensions/Na__PlanDimensions__AppConfig__.json	155	13160
02__Src__AppModules/45__System__PlanDimensions/Na__PlanDimensions__AxisLock__.js	509	22804
02__Src__AppModules/45__System__PlanDimensions/Na__PlanDimensions__ClientMode__.js	445	19469
02__Src__AppModules/45__System__PlanDimensions/Na__PlanDimensions__ConfigState__.js	441	25367
02__Src__AppModules/45__System__PlanDimensions/Na__PlanDimensions__Crosshair__.js	273	12160
02__Src__AppModules/45__System__PlanDimensions/Na__PlanDimensions__Data__.js	661	31897
02__Src__AppModules/45__System__PlanDimensions/Na__PlanDimensions__Disclaimer__.js	324	13901
02__Src__AppModules/45__System__PlanDimensions/Na__PlanDimensions__EditorPreview__.js	193	8849
02__Src__AppModules/45__System__PlanDimensions/Na__PlanDimensions__Editor__.js	842	38919
02__Src__AppModules/45__System__PlanDimensions/Na__PlanDimensions__Grid__.js	511	25942
02__Src__AppModules/45__System__PlanDimensions/Na__PlanDimensions__History__.js	209	8854
02__Src__AppModules/45__System__PlanDimensions/Na__PlanDimensions__Hotkeys__.js	435	19026
02__Src__AppModules/45__System__PlanDimensions/Na__PlanDimensions__Overlay__.js	698	33722
02__Src__AppModules/45__System__PlanDimensions/Na__PlanDimensions__Styles__.css	446	18742
02__Src__AppModules/45__System__PlanDimensions/Na__PlanDimensions__VertexEditor__.js	585	25884
02__Src__AppModules/46__System__ElevationViews/Na__Elevation__AppConfig__.json	131	10351
02__Src__AppModules/46__System__ElevationViews/Na__Elevation__ConfigState__.js	490	25941
02__Src__AppModules/46__System__ElevationViews/Na__Elevation__DevMenu__Editor__.js	940	46109
02__Src__AppModules/46__System__ElevationViews/Na__Elevation__DevMenu__RowBuilders__.js	587	26815
02__Src__AppModules/46__System__ElevationViews/Na__Elevation__FacePick__.js	323	15099
02__Src__AppModules/46__System__ElevationViews/Na__Elevation__Framing__.js	314	15875
02__Src__AppModules/46__System__ElevationViews/Na__Elevation__GizmoGrip__.js	343	16383
02__Src__AppModules/46__System__ElevationViews/Na__Elevation__ModeController__.js	901	44115
02__Src__AppModules/46__System__ElevationViews/Na__Elevation__OrthoCamera__.js	434	20828
02__Src__AppModules/46__System__ElevationViews/Na__Elevation__PlaneGizmo__.js	438	20552
02__Src__AppModules/46__System__ElevationViews/Na__Elevation__ProjectJson__Data__.js	829	39555
02__Src__AppModules/46__System__ElevationViews/Na__Elevation__SceneLink__.js	426	20895
02__Src__AppModules/46__System__ElevationViews/Na__Elevation__Styles__DevMenu__.css	120	4912
02__Src__AppModules/47__System__NorthDirection/Na__North__AppConfig__.json	67	5852
02__Src__AppModules/47__System__NorthDirection/Na__North__CompassGizmo__.js	315	17226
02__Src__AppModules/47__System__NorthDirection/Na__North__Compass__.js	210	11383
02__Src__AppModules/47__System__NorthDirection/Na__North__ConfigState__.js	263	14408
02__Src__AppModules/47__System__NorthDirection/Na__North__DevMenu__Editor__.js	533	29825
02__Src__AppModules/47__System__NorthDirection/Na__North__PickTool__.js	376	19540
02__Src__AppModules/47__System__NorthDirection/Na__North__ProjectJson__Data__.js	249	12781
02__Src__AppModules/47__System__NorthDirection/Na__North__Styles__DevMenu__.css	67	2661
02__Src__AppModules/50__System__ProjectedLinework/Na__ProjectedLinework__AppConfig__.json	122	12730
02__Src__AppModules/50__System__ProjectedLinework/Na__ProjectedLinework__AuthoredEdges__.js	223	10452
02__Src__AppModules/50__System__ProjectedLinework/Na__ProjectedLinework__ClipKernel__.js	693	35102
02__Src__AppModules/50__System__ProjectedLinework/Na__ProjectedLinework__ClipWorker__.js	199	9729
02__Src__AppModules/50__System__ProjectedLinework/Na__ProjectedLinework__ConfigAccess__.js	426	22185
02__Src__AppModules/50__System__ProjectedLinework/Na__ProjectedLinework__CpuBackend__.js	458	24254
02__Src__AppModules/50__System__ProjectedLinework/Na__ProjectedLinework__DevMenu__Controls__.js	492	24650
02__Src__AppModules/50__System__ProjectedLinework/Na__ProjectedLinework__DiffHarness__.js	270	12360
02__Src__AppModules/50__System__ProjectedLinework/Na__ProjectedLinework__EdgeExtractor__.js	730	38053
02__Src__AppModules/50__System__ProjectedLinework/Na__ProjectedLinework__ExportCompositor__.js	123	5396
02__Src__AppModules/50__System__ProjectedLinework/Na__ProjectedLinework__FlatBvh__.js	432	19740
02__Src__AppModules/50__System__ProjectedLinework/Na__ProjectedLinework__ModelStage__.js	252	12683
02__Src__AppModules/50__System__ProjectedLinework/Na__ProjectedLinework__Owners__.js	250	12182
02__Src__AppModules/50__System__ProjectedLinework/Na__ProjectedLinework__Persistence__.js	640	32977
02__Src__AppModules/50__System__ProjectedLinework/Na__ProjectedLinework__Pipeline__.js	722	35678
02__Src__AppModules/50__System__ProjectedLinework/Na__ProjectedLinework__Projector__.js	514	27895
02__Src__AppModules/50__System__ProjectedLinework/Na__ProjectedLinework__RasterPreview__.js	323	14541
02__Src__AppModules/50__System__ProjectedLinework/Na__ProjectedLinework__Scheduler__.js	176	7967
02__Src__AppModules/50__System__ProjectedLinework/Na__ProjectedLinework__SoupBuilder__.js	353	16392
02__Src__AppModules/50__System__ProjectedLinework/Na__ProjectedLinework__StageSampler__.js	535	27087
02__Src__AppModules/50__System__ProjectedLinework/Na__ProjectedLinework__Styles__Main__.css	107	4132
02__Src__AppModules/50__System__ProjectedLinework/Na__ProjectedLinework__SvgOverlay__.js	430	20419
02__Src__AppModules/50__System__ProjectedLinework/Na__ProjectedLinework__ViewDefinition__.js	430	20916
02__Src__AppModules/50__System__ProjectedLinework/Na__ProjectedLinework__WebGpuBackend__.js	454	23114
02__Src__AppModules/50__System__ProjectedLinework/Na__ProjectedLinework__WorkerPool__.js	491	23730
02__Src__AppModules/51__System__LayoutEditor/01__Core__Loader/Na__LayoutEditor__Loader__.js	758	43823
02__Src__AppModules/51__System__LayoutEditor/01__Core__Loader/Na__LayoutEditor__LoadingScreen__.js	240	11619
02__Src__AppModules/51__System__LayoutEditor/01__Core__Loader/Na__LayoutEditor__Styles__Boot__.css	273	11373
02__Src__AppModules/51__System__LayoutEditor/03__Core__Config/Na__LayoutEditor__AppConfig__.json	891	107198
02__Src__AppModules/51__System__LayoutEditor/03__Core__Config/Na__LayoutEditor__ConfigState__.js	384	17568
02__Src__AppModules/51__System__LayoutEditor/03__Core__Config/Na__LayoutEditor__ConfigState__EditorSetup__.js	220	12990
02__Src__AppModules/51__System__LayoutEditor/03__Core__Config/Na__LayoutEditor__ConfigState__KeyMap__.js	416	26475
02__Src__AppModules/51__System__LayoutEditor/03__Core__Config/Na__LayoutEditor__ConfigState__Readers__.js	143	6679
02__Src__AppModules/51__System__LayoutEditor/03__Core__Config/Na__LayoutEditor__ConfigState__SheetSetup__.js	427	25690
02__Src__AppModules/51__System__LayoutEditor/03__Core__Config/Na__LayoutEditor__ConfigState__ToolSetup__.js	322	19340
02__Src__AppModules/51__System__LayoutEditor/03__Core__Config/Na__LayoutEditor__KeyMappings__.json	856	37081
02__Src__AppModules/51__System__LayoutEditor/05__Core__ModeController/Na__LayoutEditor__LoadingVeil__.js	333	18014
02__Src__AppModules/51__System__LayoutEditor/05__Core__ModeController/Na__LayoutEditor__ModeController__.js	906	58779
02__Src__AppModules/51__System__LayoutEditor/05__Core__ModeController/Na__LayoutEditor__TabStrip__.js	456	26645
02__Src__AppModules/51__System__LayoutEditor/07__Core__SheetData/Na__LayoutEditor__Assets__.js	225	10091
02__Src__AppModules/51__System__LayoutEditor/07__Core__SheetData/Na__LayoutEditor__AutoSave__.js	437	23980
02__Src__AppModules/51__System__LayoutEditor/07__Core__SheetData/Na__LayoutEditor__DrawingCode__.js	158	8797
02__Src__AppModules/51__System__LayoutEditor/07__Core__SheetData/Na__LayoutEditor__DrawingScale__.js	203	10819
02__Src__AppModules/51__System__LayoutEditor/07__Core__SheetData/Na__LayoutEditor__History__.js	346	19017
02__Src__AppModules/51__System__LayoutEditor/07__Core__SheetData/Na__LayoutEditor__ProjectRecord__.js	138	7631
02__Src__AppModules/51__System__LayoutEditor/07__Core__SheetData/Na__LayoutEditor__ScaleManager__.js	188	9505
02__Src__AppModules/51__System__LayoutEditor/07__Core__SheetData/Na__LayoutEditor__SheetLayout__.js	245	11857
02__Src__AppModules/51__System__LayoutEditor/07__Core__SheetData/Na__LayoutEditor__SheetModel__.js	609	29870
02__Src__AppModules/51__System__LayoutEditor/07__Core__SheetData/Na__LayoutEditor__SheetModel__Common__.js	336	17216
02__Src__AppModules/51__System__LayoutEditor/07__Core__SheetData/Na__LayoutEditor__SheetModel__DrawOrder__.js	153	7909
02__Src__AppModules/51__System__LayoutEditor/07__Core__SheetData/Na__LayoutEditor__SheetModel__Groups__.js	240	12568
02__Src__AppModules/51__System__LayoutEditor/07__Core__SheetData/Na__LayoutEditor__SheetModel__Layers__.js	196	9473
02__Src__AppModules/51__System__LayoutEditor/07__Core__SheetData/Na__LayoutEditor__SheetModel__Leaders__.js	208	11590
02__Src__AppModules/51__System__LayoutEditor/07__Core__SheetData/Na__LayoutEditor__SheetModel__Shapes__.js	191	10924
02__Src__AppModules/51__System__LayoutEditor/07__Core__SheetData/Na__LayoutEditor__SheetModel__Sheets__.js	452	22818
02__Src__AppModules/51__System__LayoutEditor/07__Core__SheetData/Na__LayoutEditor__SheetModel__State__.js	243	12521
02__Src__AppModules/51__System__LayoutEditor/07__Core__SheetData/Na__LayoutEditor__SheetModel__TextAndDimensions__.js	293	16309
02__Src__AppModules/51__System__LayoutEditor/07__Core__SheetData/Na__LayoutEditor__SheetModel__Viewports__.js	346	19855
02__Src__AppModules/51__System__LayoutEditor/07__Core__SheetData/Na__LayoutEditor__SheetRecords__.js	836	51866
02__Src__AppModules/51__System__LayoutEditor/10__Core__SheetSurface/Na__LayoutEditor__Controls__Pc__.js	408	21171
02__Src__AppModules/51__System__LayoutEditor/10__Core__SheetSurface/Na__LayoutEditor__Controls__TouchScreen__.js	340	16839
02__Src__AppModules/51__System__LayoutEditor/10__Core__SheetSurface/Na__LayoutEditor__Navigation__.js	181	8885
02__Src__AppModules/51__System__LayoutEditor/10__Core__SheetSurface/Na__LayoutEditor__SheetChrome__.js	805	47007
02__Src__AppModules/51__System__LayoutEditor/10__Core__SheetSurface/Na__LayoutEditor__SheetSurface__.js	698	41896
02__Src__AppModules/51__System__LayoutEditor/10__Core__SheetSurface/Na__LayoutEditor__Styles__Main__.css	362	14796
02__Src__AppModules/51__System__LayoutEditor/10__Core__SheetSurface/Na__LayoutEditor__Styles__Main__Paper__.css	632	24269
02__Src__AppModules/51__System__LayoutEditor/10__Core__SheetSurface/Na__LayoutEditor__Styles__Surfaces__.css	71	3628
02__Src__AppModules/51__System__LayoutEditor/10__Core__SheetSurface/Na__LayoutEditor__TitleBlock__Cells__.js	234	12899
02__Src__AppModules/51__System__LayoutEditor/10__Core__SheetSurface/Na__LayoutEditor__TitleBlock__Classic__.js	123	5776
02__Src__AppModules/51__System__LayoutEditor/10__Core__SheetSurface/Na__LayoutEditor__TitleBlock__Modern__.js	263	15088
02__Src__AppModules/51__System__LayoutEditor/15__Core__Markup/Na__LayoutEditor__DimensionGeometry__.js	652	36898
02__Src__AppModules/51__System__LayoutEditor/15__Core__Markup/Na__LayoutEditor__Groups__.js	531	25788
02__Src__AppModules/51__System__LayoutEditor/15__Core__Markup/Na__LayoutEditor__LeaderGeometry__.js	545	29245
02__Src__AppModules/51__System__LayoutEditor/15__Core__Markup/Na__LayoutEditor__MarkupBridge__.js	831	47391
02__Src__AppModules/51__System__LayoutEditor/15__Core__Markup/Na__LayoutEditor__MeasureParse__.js	289	15754
02__Src__AppModules/51__System__LayoutEditor/15__Core__Markup/Na__LayoutEditor__ShapeGeometry__.js	303	15145
02__Src__AppModules/51__System__LayoutEditor/20__System__Viewports/Na__LayoutEditor__ForceRender__.js	201	9820
02__Src__AppModules/51__System__LayoutEditor/20__System__Viewports/Na__LayoutEditor__RasterQuality__.js	197	9552
02__Src__AppModules/51__System__LayoutEditor/20__System__Viewports/Na__LayoutEditor__Viewport2d__.js	416	24100
02__Src__AppModules/51__System__LayoutEditor/20__System__Viewports/Na__LayoutEditor__Viewport2d__Frame__.js	309	17132
02__Src__AppModules/51__System__LayoutEditor/20__System__Viewports/Na__LayoutEditor__Viewport2d__Linework__.js	403	23067
02__Src__AppModules/51__System__LayoutEditor/20__System__Viewports/Na__LayoutEditor__Viewport2d__Window__.js	135	6824
02__Src__AppModules/51__System__LayoutEditor/20__System__Viewports/Na__LayoutEditor__Viewport3dZoom__.js	304	16830
02__Src__AppModules/51__System__LayoutEditor/20__System__Viewports/Na__LayoutEditor__Viewport3d__.js	689	41093
02__Src__AppModules/51__System__LayoutEditor/20__System__Viewports/Na__LayoutEditor__ViewportClipboard__.js	644	35110
02__Src__AppModules/51__System__LayoutEditor/20__System__Viewports/Na__LayoutEditor__ViewportHandles__.js	455	24905
02__Src__AppModules/51__System__LayoutEditor/20__System__Viewports/Na__LayoutEditor__ViewportIdentity__.js	350	18584
02__Src__AppModules/51__System__LayoutEditor/20__System__Viewports/Na__LayoutEditor__ViewportIdentity__Config__.json	19	1956
02__Src__AppModules/51__System__LayoutEditor/20__System__Viewports/Na__LayoutEditor__ViewportTitleText__.js	263	14044
02__Src__AppModules/51__System__LayoutEditor/25__System__RenderStyles/Na__LayoutEditor__EdgeStyles__.js	491	24774
02__Src__AppModules/51__System__LayoutEditor/25__System__RenderStyles/Na__LayoutEditor__EdgeStyles__Config__.json	60	6759
02__Src__AppModules/51__System__LayoutEditor/25__System__RenderStyles/Na__LayoutEditor__Enhance__.js	105	5192
02__Src__AppModules/51__System__LayoutEditor/25__System__RenderStyles/Na__LayoutEditor__ModelLayers__.js	350	17850
02__Src__AppModules/51__System__LayoutEditor/25__System__RenderStyles/Na__LayoutEditor__ModelLayers__Config__.json	155	22740
02__Src__AppModules/51__System__LayoutEditor/25__System__RenderStyles/Na__LayoutEditor__RenderComposites__.js	327	17802
02__Src__AppModules/51__System__LayoutEditor/25__System__RenderStyles/Na__LayoutEditor__RenderComposites__Config__.json	97	8886
02__Src__AppModules/51__System__LayoutEditor/25__System__RenderStyles/Na__LayoutEditor__SnapshotRenderer__.js	639	38650
02__Src__AppModules/51__System__LayoutEditor/30__System__SheetTools/Na__LayoutEditor__AxisLock__.js	201	9505
02__Src__AppModules/51__System__LayoutEditor/30__System__SheetTools/Na__LayoutEditor__ContextMenu__.js	156	7018
02__Src__AppModules/51__System__LayoutEditor/30__System__SheetTools/Na__LayoutEditor__EditScope__.js	599	31300
02__Src__AppModules/51__System__LayoutEditor/30__System__SheetTools/Na__LayoutEditor__Eyedropper__.js	1056	59014
02__Src__AppModules/51__System__LayoutEditor/30__System__SheetTools/Na__LayoutEditor__Grips__.js	554	32404
02__Src__AppModules/51__System__LayoutEditor/30__System__SheetTools/Na__LayoutEditor__ItemClipboard__.js	557	32355
02__Src__AppModules/51__System__LayoutEditor/30__System__SheetTools/Na__LayoutEditor__Measurements__.js	935	57614
02__Src__AppModules/51__System__LayoutEditor/30__System__SheetTools/Na__LayoutEditor__SelectionBox__.js	722	40698
02__Src__AppModules/51__System__LayoutEditor/30__System__SheetTools/Na__LayoutEditor__SelectionSet__.js	292	16455
02__Src__AppModules/51__System__LayoutEditor/30__System__SheetTools/Na__LayoutEditor__SheetTools__.js	573	33703
02__Src__AppModules/51__System__LayoutEditor/30__System__SheetTools/Na__LayoutEditor__SheetTools__ContentEditing__.js	129	7004
02__Src__AppModules/51__System__LayoutEditor/30__System__SheetTools/Na__LayoutEditor__SheetTools__ContextMenu__.js	399	28097
02__Src__AppModules/51__System__LayoutEditor/30__System__SheetTools/Na__LayoutEditor__SheetTools__HitResolution__.js	539	32974
02__Src__AppModules/51__System__LayoutEditor/30__System__SheetTools/Na__LayoutEditor__SheetTools__Keyboard__.js	497	32617
02__Src__AppModules/51__System__LayoutEditor/30__System__SheetTools/Na__LayoutEditor__SheetTools__PointerDrag__.js	1185	72427
02__Src__AppModules/51__System__LayoutEditor/30__System__SheetTools/Na__LayoutEditor__SheetTools__PointerPress__.js	513	33397
02__Src__AppModules/51__System__LayoutEditor/30__System__SheetTools/Na__LayoutEditor__SheetTools__State__.js	175	10490
02__Src__AppModules/51__System__LayoutEditor/30__System__SheetTools/Na__LayoutEditor__SheetTools__ToolState__.js	376	22317
02__Src__AppModules/51__System__LayoutEditor/30__System__SheetTools/Na__LayoutEditor__Snapping__.js	455	25369
02__Src__AppModules/51__System__LayoutEditor/35__System__DrawingTools/Na__LayoutEditor__DimensionTool__.js	508	30393
02__Src__AppModules/51__System__LayoutEditor/35__System__DrawingTools/Na__LayoutEditor__GradientTool__.js	787	44609
02__Src__AppModules/51__System__LayoutEditor/35__System__DrawingTools/Na__LayoutEditor__GradientTool__Config__.json	49	5125
02__Src__AppModules/51__System__LayoutEditor/35__System__DrawingTools/Na__LayoutEditor__LeaderTool__.js	348	19247
02__Src__AppModules/51__System__LayoutEditor/35__System__DrawingTools/Na__LayoutEditor__LineStyleTool__.js	562	30026
02__Src__AppModules/51__System__LayoutEditor/35__System__DrawingTools/Na__LayoutEditor__LineStyleTool__Config__.json	56	5517
02__Src__AppModules/51__System__LayoutEditor/35__System__DrawingTools/Na__LayoutEditor__RectangleTool__.js	403	23534
02__Src__AppModules/51__System__LayoutEditor/35__System__DrawingTools/Na__LayoutEditor__ShapeTool__.js	461	25279
02__Src__AppModules/51__System__LayoutEditor/35__System__DrawingTools/Na__LayoutEditor__TextTool__.js	359	19565
02__Src__AppModules/51__System__LayoutEditor/40__Ui__Panels/Na__LayoutEditor__PanelHost__.js	750	39581
02__Src__AppModules/51__System__LayoutEditor/40__Ui__Panels/Na__LayoutEditor__Panel__Dimensions__.js	229	14490
02__Src__AppModules/51__System__LayoutEditor/40__Ui__Panels/Na__LayoutEditor__Panel__Layers__.js	444	25725
02__Src__AppModules/51__System__LayoutEditor/40__Ui__Panels/Na__LayoutEditor__Panel__Leaders__.js	486	30499
02__Src__AppModules/51__System__LayoutEditor/40__Ui__Panels/Na__LayoutEditor__Panel__ModelLayers__.js	423	22021
02__Src__AppModules/51__System__LayoutEditor/40__Ui__Panels/Na__LayoutEditor__Panel__Shapes__.js	424	27372
02__Src__AppModules/51__System__LayoutEditor/40__Ui__Panels/Na__LayoutEditor__Panel__Sheet__.js	330	20911
02__Src__AppModules/51__System__LayoutEditor/40__Ui__Panels/Na__LayoutEditor__Panel__Styles__.js	393	20443
02__Src__AppModules/51__System__LayoutEditor/40__Ui__Panels/Na__LayoutEditor__Panel__Text__.js	240	14453
02__Src__AppModules/51__System__LayoutEditor/40__Ui__Panels/Na__LayoutEditor__Panel__ViewportSettings__.js	449	30378
02__Src__AppModules/51__System__LayoutEditor/40__Ui__Panels/Na__LayoutEditor__Styles__Panels__.css	1000	37201
02__Src__AppModules/51__System__LayoutEditor/40__Ui__Panels/Na__LayoutEditor__Toolbar__.js	394	23741
02__Src__AppModules/51__System__LayoutEditor/50__Feature__Specification/Na__LayoutEditor__MarginGrip__.js	321	17430
02__Src__AppModules/51__System__LayoutEditor/50__Feature__Specification/Na__LayoutEditor__Panel__MarginNotes__.js	185	11412
02__Src__AppModules/51__System__LayoutEditor/50__Feature__Specification/Na__LayoutEditor__SpecData__.js	308	15179
02__Src__AppModules/51__System__LayoutEditor/50__Feature__Specification/Na__LayoutEditor__SpecData__Document__.js	435	23395
02__Src__AppModules/51__System__LayoutEditor/50__Feature__Specification/Na__LayoutEditor__SpecData__Draft__.js	194	9924
02__Src__AppModules/51__System__LayoutEditor/50__Feature__Specification/Na__LayoutEditor__SpecData__Editing__.js	430	21962
02__Src__AppModules/51__System__LayoutEditor/50__Feature__Specification/Na__LayoutEditor__SpecData__State__.js	289	15971
02__Src__AppModules/51__System__LayoutEditor/50__Feature__Specification/Na__LayoutEditor__SpecData__Transport__.js	581	33838
02__Src__AppModules/51__System__LayoutEditor/50__Feature__Specification/Na__LayoutEditor__SpecDocument__.js	563	31019
02__Src__AppModules/51__System__LayoutEditor/50__Feature__Specification/Na__LayoutEditor__SpecEditor__.js	321	17871
02__Src__AppModules/51__System__LayoutEditor/50__Feature__Specification/Na__LayoutEditor__SpecEditor__Actions__.js	379	22063
02__Src__AppModules/51__System__LayoutEditor/50__Feature__Specification/Na__LayoutEditor__SpecEditor__Bar__.js	308	20089
02__Src__AppModules/51__System__LayoutEditor/50__Feature__Specification/Na__LayoutEditor__SpecEditor__Builders__.js	183	8582
02__Src__AppModules/51__System__LayoutEditor/50__Feature__Specification/Na__LayoutEditor__SpecEditor__NoteDrag__.js	210	10860
02__Src__AppModules/51__System__LayoutEditor/50__Feature__Specification/Na__LayoutEditor__SpecEditor__Notes__.js	258	15861
02__Src__AppModules/51__System__LayoutEditor/50__Feature__Specification/Na__LayoutEditor__SpecEditor__Render__.js	256	13454
02__Src__AppModules/51__System__LayoutEditor/50__Feature__Specification/Na__LayoutEditor__SpecEditor__State__.js	170	9065
02__Src__AppModules/51__System__LayoutEditor/50__Feature__Specification/Na__LayoutEditor__SpecLinks__.js	352	18714
02__Src__AppModules/51__System__LayoutEditor/50__Feature__Specification/Na__LayoutEditor__SpecMargin__.js	387	22099
02__Src__AppModules/51__System__LayoutEditor/50__Feature__Specification/Na__LayoutEditor__SpecPdf__.js	454	24510
02__Src__AppModules/51__System__LayoutEditor/50__Feature__Specification/Na__LayoutEditor__Styles__Specification__.css	468	17692
02__Src__AppModules/51__System__LayoutEditor/50__Feature__Specification/Na__LayoutEditor__Styles__Specification__Notes__.css	352	13378
02__Src__AppModules/51__System__LayoutEditor/50__Feature__Specification/Na__LayoutEditor__Styles__Specification__Read__.css	289	11926
02__Src__AppModules/51__System__LayoutEditor/55__Feature__Scrapbook/Na__LayoutEditor__Panel__Scrapbook__.js	250	12825
02__Src__AppModules/51__System__LayoutEditor/55__Feature__Scrapbook/Na__LayoutEditor__Scrapbook__.js	453	25114
02__Src__AppModules/51__System__LayoutEditor/55__Feature__Scrapbook/Na__LayoutEditor__Scrapbook__Config__.json	31	2912
02__Src__AppModules/51__System__LayoutEditor/55__Feature__Scrapbook/Na__LayoutEditor__Scrapbook__TileDrag__.js	353	19066
02__Src__AppModules/51__System__LayoutEditor/56__Feature__ScrapbookCustom/Na__LayoutEditor__Panel__ScrapbookCustom__.js	410	24318
02__Src__AppModules/51__System__LayoutEditor/56__Feature__ScrapbookCustom/Na__LayoutEditor__ScrapbookCustom__.js	576	33709
02__Src__AppModules/51__System__LayoutEditor/56__Feature__ScrapbookCustom/Na__LayoutEditor__ScrapbookCustom__Config__.json	63	6202
02__Src__AppModules/51__System__LayoutEditor/56__Feature__ScrapbookCustom/Na__LayoutEditor__ScrapbookCustom__Transport__.js	308	18221
02__Src__AppModules/51__System__LayoutEditor/56__Feature__ScrapbookCustom/Na__LayoutEditor__Styles__ScrapbookCustom__.css	49	2071
02__Src__AppModules/51__System__LayoutEditor/57__Feature__ScrapbookParametric/Na__LayoutEditor__Panel__ScrapbookParametric__.js	561	36025
02__Src__AppModules/51__System__LayoutEditor/57__Feature__ScrapbookParametric/Na__LayoutEditor__ScrapbookParametric__.js	731	41961
02__Src__AppModules/51__System__LayoutEditor/57__Feature__ScrapbookParametric/Na__LayoutEditor__ScrapbookParametric__Config__.json	209	18702
02__Src__AppModules/51__System__LayoutEditor/57__Feature__ScrapbookParametric/Na__LayoutEditor__ScrapbookParametric__DrawingTitle__.js	375	22817
02__Src__AppModules/51__System__LayoutEditor/57__Feature__ScrapbookParametric/Na__LayoutEditor__ScrapbookParametric__Grips__.js	438	25732
02__Src__AppModules/51__System__LayoutEditor/57__Feature__ScrapbookParametric/Na__LayoutEditor__ScrapbookParametric__LinkNoodle__.js	583	35804
02__Src__AppModules/51__System__LayoutEditor/57__Feature__ScrapbookParametric/Na__LayoutEditor__ScrapbookParametric__ScaleBar__.js	440	25287
02__Src__AppModules/51__System__LayoutEditor/57__Feature__ScrapbookParametric/Na__LayoutEditor__ScrapbookParametric__ViewportLink__.js	715	41782
02__Src__AppModules/51__System__LayoutEditor/57__Feature__ScrapbookParametric/Na__LayoutEditor__Styles__ScrapbookParametric__.css	195	8561
02__Src__AppModules/51__System__LayoutEditor/60__Feature__PdfExport/Na__LayoutEditor__PdfExporter__.js	339	19928
02__Src__AppModules/51__System__LayoutEditor/60__Feature__PdfExport/Na__LayoutEditor__PdfFilename__.js	184	9734
02__Src__AppModules/51__System__LayoutEditor/70__DevTools__DevMenu/Na__LayoutEditor__DevMenu__Controls__.js	413	21818
02__Src__AppModules/51__System__LayoutEditor/80__Feature__WebViewer/Na__LayoutEditor__Styles__WebViewer__.css	294	12996
02__Src__AppModules/51__System__LayoutEditor/80__Feature__WebViewer/Na__LayoutEditor__WebViewer__.js	496	26419
02__Src__AppModules/51__System__LayoutEditor/80__Feature__WebViewer/Na__LayoutEditor__WebViewer__Drawings__.js	339	17976
02__Src__AppModules/51__System__LayoutEditor/80__Feature__WebViewer/Na__LayoutEditor__WebViewer__Spec__.js	265	13321
02__Src__AppModules/51__System__LayoutEditor/80__Feature__WebViewer/Na__LayoutEditor__WebViewer__TouchControls__.js	501	27154
02__Src__AppModules/60__Feature__FullScreenMode/Na__Feature__FullScreenMode__BrowserSupportLogic__.js	204	8718
02__Src__AppModules/60__Feature__FullScreenMode/Na__Feature__FullScreenMode__Stylesheet__.css	20	898
02__Src__AppModules/60__Feature__FullScreenMode/Na__Feature__FullScreenMode__UiInteractionLogic__.js	136	6032
02__Src__AppModules/60__Feature__FullScreenMode/NewFeature__AddFullScreenButton__.md	16	754
02__Src__AppModules/61__Feature__ShareProjectLink/Na__Feature__ShareProjectLink__DownloadEmail__Logic__.js	43	1935
02__Src__AppModules/61__Feature__ShareProjectLink/Na__Feature__ShareProjectLink__FormOverlay__.js	162	7183
02__Src__AppModules/61__Feature__ShareProjectLink/Na__Feature__ShareProjectLink__FormOverlay__Stylesheet__.css	166	6438
02__Src__AppModules/61__Feature__ShareProjectLink/Na__Feature__ShareProjectLink__GenerateEmail__Logic__.js	216	11480
02__Src__AppModules/61__Feature__ShareProjectLink/Na__Feature__ShareProjectLink__ProjectEmail__Template__.html	174	10303
02__Src__AppModules/61__Feature__ShareProjectLink/Na__Feature__ShareProjectLink__UiInteractionLogic__.js	149	6742
02__Src__AppModules/61__Feature__ShareProjectLink/Na__Feature__ShareProjectLink__UrlGeneratorLogic__.js	82	3429
02__Src__AppModules/61__Feature__ShareProjectLink/00__Archive/Na__Feature__ShareProjectLink__ProjectEmail__Template__Version_1.0.0__10-Apr-2026__.html	217	11754
02__Src__AppModules/62__Feature__EmailWorkers/BUILD__Deploy__EmailWorker.bat.lnk		2392
02__Src__AppModules/62__Feature__EmailWorkers/Na__EmailSystem__BuildAndDeploy__.py.--HIDDEN		23576
02__Src__AppModules/62__Feature__EmailWorkers/Na__EmailSystem__SecurityOverview__ForIT__Edited__.txt.--HIDDEN		6350
02__Src__AppModules/62__Feature__EmailWorkers/Na__EmailSystem__SecurityOverview__ForIT__Raw__.txt.--HIDDEN		7308
02__Src__AppModules/62__Feature__EmailWorkers/Na__Email__AddressBook__EncryptionTool__.py.--HIDDEN		10312
02__Src__AppModules/62__Feature__EmailWorkers/Na__Email__AddressBook__SourceHash__.txt.--HIDDEN		64
02__Src__AppModules/62__Feature__EmailWorkers/Na__Email__AddressBook__Source__.json.--HIDDEN		2897
02__Src__AppModules/62__Feature__EmailWorkers/Na__Feature__EmailWorkers__AddressBook__Autocomplete__.js	291	13008
02__Src__AppModules/62__Feature__EmailWorkers/Na__Feature__EmailWorkers__AddressBook__Decryptor__.js	92	4028
02__Src__AppModules/62__Feature__EmailWorkers/Na__Feature__EmailWorkers__ApiClient__.js	153	7048
02__Src__AppModules/62__Feature__EmailWorkers/Na__Feature__EmailWorkers__AuthManager__.js	154	6508
02__Src__AppModules/62__Feature__EmailWorkers/Na__Feature__EmailWorkers__AuthOverlay__.js	260	10444
02__Src__AppModules/62__Feature__EmailWorkers/Na__Feature__EmailWorkers__Config.json	12	873
02__Src__AppModules/62__Feature__EmailWorkers/Na__Feature__EmailWorkers__FormOverlay__.js	291	13287
02__Src__AppModules/62__Feature__EmailWorkers/Na__Feature__EmailWorkers__FormOverlay__Stylesheet__.css	475	18157
02__Src__AppModules/62__Feature__EmailWorkers/Na__Feature__EmailWorkers__PayloadBuilder__.js	101	4686
02__Src__AppModules/62__Feature__EmailWorkers/Na__Feature__EmailWorkers__README__.md	157	9544
02__Src__AppModules/62__Feature__EmailWorkers/Na__Feature__EmailWorkers__UiInteractionLogic__.js	329	16442
02__Src__AppModules/62__Feature__EmailWorkers/CloudflareWorker/.dev.vars		1315
02__Src__AppModules/62__Feature__EmailWorkers/CloudflareWorker/.env.template		866
02__Src__AppModules/62__Feature__EmailWorkers/CloudflareWorker/Deploy__Worker.bat		1153
02__Src__AppModules/62__Feature__EmailWorkers/CloudflareWorker/Dev__Worker.bat		797
02__Src__AppModules/62__Feature__EmailWorkers/CloudflareWorker/package-lock.json	1516	59807
02__Src__AppModules/62__Feature__EmailWorkers/CloudflareWorker/package.json	16	335
02__Src__AppModules/62__Feature__EmailWorkers/CloudflareWorker/wrangler.jsonc	27	1258
02__Src__AppModules/62__Feature__EmailWorkers/CloudflareWorker/assets/Na__Email__AddressBook__Encrypted__.json	4	2881
02__Src__AppModules/62__Feature__EmailWorkers/CloudflareWorker/src/index.js	666	28019
02__Src__AppModules/63__Feature__AppNotificationEmail/Na__Feature__AppNotificationEmail__GenerateEmail__Logic__.js	253	13721
02__Src__AppModules/63__Feature__AppNotificationEmail/Na__Feature__AppNotificationEmail__NotificationEmail__Template__.html	188	11150
02__Src__AppModules/63__Feature__AppNotificationEmail/Na__Feature__AppNotificationEmail__PayloadBuilder__.js	106	5010
02__Src__AppModules/64__Feature__BreadcrumbNav/Na__Feature__BreadcrumbNav__Controls.js	184	9818
02__Src__AppModules/64__Feature__BreadcrumbNav/Na__Feature__BreadcrumbNav__Stylesheet__.css	163	7581
02__Src__AppModules/69__System__SketchUpToValeVision__Utilities/Na__SketchUp__AnimationScene__DataBridge__.js	238	13308
02__Src__AppModules/69__System__SketchUpToValeVision__Utilities/Na__SketchUp__ConvertSceneData__.js	309	16742
02__Src__AppModules/69__System__SketchUpToValeVision__Utilities/Na__SketchUp__LoadSceneData__.js	166	8613
02__Src__AppModules/70__System__DevTools/Na__UiFeature__DevMenu__LocalhostOnly.js	164	8753
02__Src__AppModules/70__System__DevTools/Na__UiFeature__NavigationModes__DevControls.js	192	9831
02__Src__AppModules/70__System__DevTools/Na__UiFeature__ProfileLines__Controls.js	174	9054
02__Src__AppModules/70__System__DevTools/Na__UiFeature__PurgeAppCache__Button.js	86	4665
02__Src__AppModules/70__System__DevTools/Na__UiFeature__RenderEngine__DevControls.js	230	11610
02__Src__AppModules/70__System__DevTools/Na__UiFeature__SceneInspector__Controls.js	741	41479
02__Src__AppModules/71__System__ExportRenderLayers/Na__ExportRenderLayers__DevMenu__Controls__.js	1263	61477
02__Src__AppModules/71__System__ExportRenderLayers/Na__ExportRenderLayers__Stylesheet__.css	318	13392
02__Src__AppModules/71__System__ExportRenderLayers/01__SystemModules/Na__ExportRenderLayers__BatchExporter__.js	508	26167
02__Src__AppModules/71__System__ExportRenderLayers/01__SystemModules/Na__ExportRenderLayers__CanvasInvert__.js	86	4015
02__Src__AppModules/71__System__ExportRenderLayers/01__SystemModules/Na__ExportRenderLayers__ColourHash__.js	144	6815
02__Src__AppModules/71__System__ExportRenderLayers/01__SystemModules/Na__ExportRenderLayers__DepthRange__.js	440	20781
02__Src__AppModules/71__System__ExportRenderLayers/01__SystemModules/Na__ExportRenderLayers__ExportLineMaterial__.js	180	8517
02__Src__AppModules/71__System__ExportRenderLayers/01__SystemModules/Na__ExportRenderLayers__FileWriter__.js	240	10669
02__Src__AppModules/71__System__ExportRenderLayers/01__SystemModules/Na__ExportRenderLayers__FullscreenPass__.js	594	28684
02__Src__AppModules/71__System__ExportRenderLayers/01__SystemModules/Na__ExportRenderLayers__GBufferPass__.js	246	11264
02__Src__AppModules/71__System__ExportRenderLayers/01__SystemModules/Na__ExportRenderLayers__Manifest__.js	339	15820
02__Src__AppModules/71__System__ExportRenderLayers/01__SystemModules/Na__ExportRenderLayers__PassRegistry__.js	664	34177
02__Src__AppModules/71__System__ExportRenderLayers/01__SystemModules/Na__ExportRenderLayers__PassRenderers__.js	269	12565
02__Src__AppModules/71__System__ExportRenderLayers/01__SystemModules/Na__ExportRenderLayers__Pass__AlbedoBuffer__.js	162	7482
02__Src__AppModules/71__System__ExportRenderLayers/01__SystemModules/Na__ExportRenderLayers__Pass__AmbientOcclusion__.js	94	4336
02__Src__AppModules/71__System__ExportRenderLayers/01__SystemModules/Na__ExportRenderLayers__Pass__GrayControl__.js	209	9713
02__Src__AppModules/71__System__ExportRenderLayers/01__SystemModules/Na__ExportRenderLayers__Pass__IdMasks__.js	217	10003
02__Src__AppModules/71__System__ExportRenderLayers/01__SystemModules/Na__ExportRenderLayers__Pass__InpaintMask__.js	155	7182
02__Src__AppModules/71__System__ExportRenderLayers/01__SystemModules/Na__ExportRenderLayers__Pass__ShadowMask__.js	167	7441
02__Src__AppModules/71__System__ExportRenderLayers/01__SystemModules/Na__ExportRenderLayers__Pass__Structural__.js	193	8975
02__Src__AppModules/71__System__ExportRenderLayers/01__SystemModules/Na__ExportRenderLayers__Pass__SurfacePreset__.js	259	12512
02__Src__AppModules/71__System__ExportRenderLayers/01__SystemModules/Na__ExportRenderLayers__PreviewController__.js	298	13639
02__Src__AppModules/71__System__ExportRenderLayers/01__SystemModules/Na__ExportRenderLayers__RenderTargetPool__.js	222	10599
02__Src__AppModules/71__System__ExportRenderLayers/01__SystemModules/Na__ExportRenderLayers__SceneClassifier__.js	301	14215
02__Src__AppModules/71__System__ExportRenderLayers/01__SystemModules/Na__ExportRenderLayers__SceneStateGuard__.js	317	16070
02__Src__AppModules/71__System__ExportRenderLayers/01__SystemModules/Na__ExportRenderLayers__SessionState__.js	277	11933
02__Src__AppModules/71__System__ExportRenderLayers/01__SystemModules/Na__ExportRenderLayers__SurfaceRenderer__.js	288	13621
02__Src__AppModules/71__System__ExportRenderLayers/01__SystemModules/Na__ExportRenderLayers__TiledPassRenderer__.js	486	22510
03__Style__AppStylesheets/Na__CoreUi__Styles__BaseLayout__.css	37	1491
03__Style__AppStylesheets/Na__CoreUi__Styles__Fonts__.css	38	1891
03__Style__AppStylesheets/Na__CoreUi__Styles__Index__.css	113	5961
03__Style__AppStylesheets/Na__CoreUi__Styles__RenderCanvas__.css	19	1198
03__Style__AppStylesheets/Na__ImageExport__Styles__ViewportOverlays__.css	142	8291
03__Style__AppStylesheets/Na__PresentationMode__Styles__SceneCarousel__.css	1087	40300
03__Style__AppStylesheets/Na__UiFeature__Styles__AppHeader__.css	265	15886
03__Style__AppStylesheets/Na__UiFeature__Styles__ControlsHelpPanel__.css	254	11198
03__Style__AppStylesheets/Na__UiFeature__Styles__DevToolsMenu__.css	182	9843
03__Style__AppStylesheets/Na__UiFeature__Styles__DropdownAndToast__.css	1509	59351
03__Style__AppStylesheets/Na__UiFeature__Styles__LoadingOverlays__.css	344	21405
03__Style__AppStylesheets/Na__UiFeature__Styles__NavigationToolbar__.css	528	25385
51__LayoutEditor__UserScrapbookContent/UserScrapbook__Index__.json	9	729
51__LayoutEditor__UserScrapbookContent/01__ScrapbookItems__General/.gitkeep		0
51__LayoutEditor__UserScrapbookContent/02__ScrapbookItems__Dimensions/.gitkeep		0
51__LayoutEditor__UserScrapbookContent/03__ScrapbookItems__Annotations/.gitkeep		0
51__LayoutEditor__UserScrapbookContent/04__ScrapbookItems__2dEntourage/.gitkeep		0
51__LayoutEditor__UserScrapbookContent/05__ScrapbookItems__GeneralNotes/.gitkeep		0
60__DistributionEmails/Distro__InviteEmailEmbedCard__ValeVision3d.html	93	5965
79__Testing__GenerateObjects/GenerateObject__AnimatedBallCloud.js	84	3676
79__Testing__GenerateObjects/GenerateObject__AnimatedRGBBoxes.js	88	3640
79__Testing__GenerateObjects/GenerateObject__AnimatedWhiteStars.js	83	3637
79__Testing__GenerateObjects/TestEnv__GenerateObjects__Minimal__.html	409	17384
80__Testing__PrototypeEnvironment/80__Testing__PrototypeEnvironment__CleanBackUp__.zip		612033
80__Testing__PrototypeEnvironment/Na__TestEnv__Styles__PrototypeSandbox__.css	1054	46941
80__Testing__PrototypeEnvironment/Na__Test__NorthCompass__.test.mjs	127	8690
80__Testing__PrototypeEnvironment/Na__Test__PerSceneLighting__.test.mjs	312	18299
80__Testing__PrototypeEnvironment/Na__Test__ScrapbookApi__.test.py	167	10186
80__Testing__PrototypeEnvironment/Na__Test__ScrapbookDrawingTitle__.test.mjs	178	16362
80__Testing__PrototypeEnvironment/Na__Test__ScrapbookScaleBar__.test.mjs	156	11336
80__Testing__PrototypeEnvironment/Na__Test__ScrapbookServer__.py	135	6683
80__Testing__PrototypeEnvironment/Na__Test__SpecificationPdf__.html	114	6548
80__Testing__PrototypeEnvironment/Na__Test__TitleBlockCells__.html	199	12855
80__Testing__PrototypeEnvironment/Na__Test__TitleBlockCells__.test.mjs	205	13946
80__Testing__PrototypeEnvironment/Na__Test__ViewportTitleText__.test.mjs	134	10166
80__Testing__PrototypeEnvironment/Na__Verify__Exports__.mjs	343	16659
80__Testing__PrototypeEnvironment/Na__Verify__ModuleGraph__.mjs	378	19782
80__Testing__PrototypeEnvironment/TestEnv__FlaskLocalServer.bat		1197
80__Testing__PrototypeEnvironment/TestEnv__FlaskLocalServer.py	291	13872
80__Testing__PrototypeEnvironment/TestEnv__PrototypeTestingSandbox__DomAndLayout.html	267	13111
80__Testing__PrototypeEnvironment/TestEnv__PrototypeTestingSandbox__Main__.js	1748	90828
80__Testing__PrototypeEnvironment/TestEnv__README__.md	118	7393
80__Testing__PrototypeEnvironment/TestEnv__SubAppData__Config.json	183	9158
80__Testing__PrototypeEnvironment/TestEnv__CompletedFeaturesDocs/Test__ModelInteraction__Animation__ClickToOpenDoors__.md	65	2222
80__Testing__PrototypeEnvironment/TestEnv__CurrentFeatureTestScripts/Test__TopLevelContainer__BuildingModelsByStorey__.js	133	9849
80__Testing__PrototypeEnvironment/TestEnv__CurrentFeatureTestScripts/Test__TopLevelContainer__BuildingModelsByStorey__.md	138	10258
80__Testing__PrototypeEnvironment/TestEnv__GlbFiles/Lawrence__01__OrbitHelperCube__MeshModel__.glb		2252
80__Testing__PrototypeEnvironment/TestEnv__GlbFiles/Lawrence__TrueVision__LandscapeEnvironment__LineworkModel__.glb		1428
80__Testing__PrototypeEnvironment/TestEnv__GlbFiles/Lawrence__TrueVision__LandscapeEnvironment__MeshModel__.glb		2252
80__Testing__PrototypeEnvironment/TestEnv__GlbFiles/Lawrence__TrueVision__MainBuildingModel__Existing__LineworkModel__.glb		3100
80__Testing__PrototypeEnvironment/TestEnv__GlbFiles/Lawrence__TrueVision__MainBuildingModel__Existing__MeshModel__.glb		4508780
80__Testing__PrototypeEnvironment/TestEnv__GlbFiles/Lawrence__TrueVision__MainBuildingModel__Proposed__LineworkModel__.glb		2076
80__Testing__PrototypeEnvironment/TestEnv__GlbFiles/Lawrence__TrueVision__MainBuildingModel__Proposed__MeshModel__.glb		4507436
95__SketchUpSisterTools__ToolsAndUtils/Na__TrueVision__WhitecardModel__GlbBuilderUtility__Modules__LocalShortcut__.lnk		1981
