/LayoutEditor__Style__Config/LayoutEditor__Style__Description	value	"How everything printed on a sheet that is not a view is painted. Read by the chrome module, which draws the on-screen sheet and the PDF from one primitive list. FontFamily is Open Sans, the app face; the PDF exporter embeds the same three TTF cuts so paper matches the screen."	"How everything printed on a sheet that is not a view is painted. Read by the chrome module, which draws the on-screen sheet and the PDF from one primitive list. FontFamily leads with Helvetica because that is what jsPDF embeds; Open Sans is the app face and metrically close enough for labels."
/LayoutEditor__Style__Config/LayoutEditor__Style__FontFamily	value	"'Open Sans', Helvetica, Arial, sans-serif"	"Helvetica, Arial, 'Open Sans', sans-serif"
/LayoutEditor__Style__Config/LayoutEditor__Style__TitleValueWeightNote	value	"Regular, not bold. The PDF embeds Open Sans Light, Regular and SemiBold (the three cuts the app loads), so a title value could print as SemiBold; it stays Regular so the strip still reads as a caption over a value rather than as two bold lines."	"Regular, not bold. jsPDF standard Helvetica only embeds regular and bold by reference - there is no semi-bold cut available without shipping a font file - so regular is the lighter of the two weights this title block can actually offer on both screen and PDF."
/LayoutEditor__TitleBlock__Config/LayoutEditor__TitleBlock__LogoAssetPath	value	"../01__Assets__NaApps__CommonAssets/NaApps__CommonGraphics/NaBrandGraphic__CompanyLogo__w2048xh500px__.png"	"../assets__CommonApplicationAssets/AppLogo__ValeHeaderImage_ValeLogo_HorizontalFormat__.png"
/LayoutEditor__TitleBlock__Config/LayoutEditor__TitleBlock__LogoCellWidthMm	value	40	34
/LayoutEditor__TitleBlock__Config/LayoutEditor__TitleBlock__LogoCellWidthMmNote	TV-only	"Was 34 with 1.4 mm of LogoPaddingHMm, which left the mark 1.4 mm from the frame on one side and from the Client cell's rule on the other - Adam, 19-Sep-2026: 'Give me a little space left and right of the logo as well, so it's not so hemmed in.' The mark itself is unchanged: LogoMaxHeightMm and the strip height are what size it (31.1 x 7.6 mm), so widening the cell to 40 and the padding to 4 only adds air, about 4.4 mm either side."	null
/LayoutEditor__TitleBlock__Config/LayoutEditor__TitleBlock__LogoMaxHeightMm	value	8	5.5
/LayoutEditor__TitleBlock__Config/LayoutEditor__TitleBlock__LogoAspectWidthOverHeight	value	4.096	4.5
/LayoutEditor__TitleBlock__Config/LayoutEditor__TitleBlock__LogoAspectWidthOverHeightNote	value	"The asset is 2048 x 500 px, so 4.096 (re-measured 10-Sep-2026 when the Vale mark was replaced with the Noble Architecture one; the Vale asset was 2000 x 444 and 4.5). The asset cache hands the chrome a data URL and no dimensions, and both painters stretch an image to whatever rectangle they are given, so the aspect has to be stated here rather than measured. It was assumed to be 4.2, which printed the Vale mark 7 percent too tall on every sheet. Re-measure this if the logo file is ever replaced."	"The asset is 2000 x 444 px. The asset cache hands the chrome a data URL and no dimensions, and both painters stretch an image to whatever rectangle they are given, so the aspect has to be stated here rather than measured. It was assumed to be 4.2, which printed the Vale mark 7 percent too tall on every sheet. Re-measure this if the logo file is ever replaced."
/LayoutEditor__TitleBlock__Config/LayoutEditor__TitleBlock__LogoPaddingVMm	value	1.2	1.8
/LayoutEditor__TitleBlock__Config/LayoutEditor__TitleBlock__LogoPaddingHMm	value	4	2.5
/LayoutEditor__TitleBlock__Config/LayoutEditor__TitleBlock__DrawnByDefault	value	"Noble Architecture"	"Vale Garden Houses"
/LayoutEditor__TitleBlock__Config/LayoutEditor__TitleBlock__DocumentIdNote	value	"The strip used to call this cell Drawing No. and print whatever sat in Sheet__Fields__DrawingNumber. That field now holds the sequential number alone (D01), so the cell reads the composed DocumentId instead and is labelled for what it actually is: an identifier with the job, the phase and the drawing in it, not a number. The identifier's length barely moves - the job code and the phase are fixed, and the drawing number gains one digit past D99 - so the cell is 24 mm: WW88_T04_D100, the widest code the schema can compose, measures 20.4. See TrueVision__NOTES__DrawingNumberingSchema__.md."	"The strip used to call this cell Drawing No. and print whatever sat in Sheet__Fields__DrawingNumber. That field now holds the sequential number alone (D01), so the cell reads the composed DocumentId instead and is labelled for what it actually is: an identifier with the job, the phase and the drawing in it, not a number. The identifier's length barely moves - the job code and the phase are fixed, and the drawing number gains one digit past D99 - so the cell is 24 mm: WW88_T04_D100, the widest code the schema can compose, measures 20.4. See the DrawingNumberingSchema NOTES in TrueVision3D."
/LayoutEditor__TitleBlock__Config/LayoutEditor__TitleBlock__RowsNote	value	"WidthMm IS PAPER MILLIMETRES, the same on every paper size, the way the logo already is. Until 19-Sep-2026 these were relative shares of the strip, so every cell grew with the paper: on A2 the Client cell was 76 mm for 'Mr P. Samra' and the Document ID 71 mm for twelve characters, while the Drawing Title - the one value that is ever long - was cut off at 92 mm. Adam: 'there are certain fields that are never going to need more size, so they kind of seem needlessly oversized... The one thing that does need the space is the drawing name.' A row with Flex takes what the paper has left over, shared by weight if more than one has it, and its WidthMm is the least it is ever given; the Drawing Title is the one that ships with it. NO VALUE IS CUT OFF WHILE ANOTHER CELL HAS ROOM TO SPARE: a cell whose text will not fit grows, out of the paper's spare room first and then out of the room other cells are not using, which is how Site Address and the title 'grow if absolutely required'. A pack whose values fit therefore has its dividers in the same place on every sheet. On paper too narrow for the strip (A4) the cells give up their unused room before anything is cut. The arithmetic is Na__LayoutEditor__TitleBlock__Cells__.js. Widths are measured against Open Sans at FontSizeValueMm, padding included: Client 36 holds 'Mr & Mrs Featherstonehaugh' (33.0); Site Address 70 holds '255 Musters Road, West Bridgford, Nottinghamshire, NG2 7DD' (67.0); Rev, Scale, Date and Drawn By are one 28 mm module - Adam: 'Revision, scale, date, and drawn by can all be the same size' - set by the widest thing any of them says, the site plan's '1:500 & 1:1250 @ ISO A1' (27.9); Status 30 holds the longest entry in Statuses, 'FOR BUILDING CONTROL' (28.6). On A3 landscape that leaves the title 98 mm, enough for PS01's 84 character titles (92.5). A config with no Flex row at all shares the spare room in proportion to WidthMm, which is exactly the old behaviour."	"WidthMm IS PAPER MILLIMETRES, the same on every paper size, the way the logo already is. Until 20-Sep-2026 these were relative shares of the strip, so every cell grew and shrank with the paper: on A2 the Client cell was 76 mm for a surname and the Drawing No. 49 mm for eight characters, while on A3 the Drawing Title - the one value that is ever long - had 71 mm and cut an 88 mm title short. Authored in TrueVision3D v2.79.0 to Adam's brief there: 'there are certain fields that are never going to need more size, so they kind of seem needlessly oversized... The one thing that does need the space is the drawing name.' A row with Flex takes what the paper has left over, shared by weight if more than one has it, and its WidthMm is the least it is ever given; the Drawing Title is the one that ships with it. NO VALUE IS CUT OFF WHILE ANOTHER CELL HAS ROOM TO SPARE: a cell whose text will not fit grows, out of the paper's spare room first and then out of the room other cells are not using, which is how Site Address and the title 'grow if absolutely required'. A pack whose values fit therefore has its dividers in the same place on every sheet. On paper too narrow for the strip (A4) the cells give up their unused room before anything is cut. The arithmetic is Na__LayoutEditor__TitleBlock__Cells__.js. THE WIDTHS ARE TRUEVISION'S, so the two apps issue the same strip, and were re-measured here in this app's own face - jsPDF's Helvetica at FontSizeValueMm, padding included - because Helvetica sets wider than TrueVision's Open Sans: Client 36 holds 'Mr & Mrs Featherstonehaugh' (31.2); Site Address 70 holds '255 Musters Road, West Bridgford, Nottinghamshire, NG2 7DD' (64.2); Drawing No. 24 holds a typed 'PS01_T02_D100' (19.5) and the 3047-01 default with room over; Rev, Scale, Date and Drawn By are one 28 mm module, set by the widest thing any of them says - '1:50 & 1:100 @ ISO A2' (25.7), with Drawn By's default 'Vale Garden Houses' at 23.1; Status 30 holds the longest entry in Statuses, 'FOR BUILDING CONTROL' (29.8). A three-scale label (32.6) grows its cell rather than being cut. On A3 landscape that leaves the title 104 mm. A config with no Flex row at all shares the spare room in proportion to WidthMm, which is exactly the old behaviour."
/LayoutEditor__TitleBlock__Config/LayoutEditor__TitleBlock__Rows	value	[{"Key": "Client", "Label": "Client", "WidthMm": 36}, {"Key": "SiteAddress", "Label": "Site Address", "WidthMm": 70}, {"Key": "Title", "Label": "Drawing Title", "WidthMm": 60, "Flex": 1}, {"Key": "DocumentId", "Label": "Document ID", "WidthMm": 24}, {"Key": "Revision", "Label": "Rev", "WidthMm": 28, "ValuePrefix": "Revision"}, {"Key": "Scale", "Label": "Scale", "WidthMm": 28}, {"Key": "Date", "Label": "Date", "WidthMm": 28}, {"Key": "DrawnBy", "Label": "Drawn By", "WidthMm": 28}, {"Key": "Status", "Label": "Status", "WidthMm": 30}]	[{"Key": "Client", "Label": "Client", "WidthMm": 36}, {"Key": "SiteAddress", "Label": "Site Address", "WidthMm": 70}, {"Key": "Title", "Label": "Drawing Title", "WidthMm": 60, "Flex": 1}, {"Key": "DrawingNumber", "Label": "Drawing No.", "WidthMm": 24}, {"Key": "Revision", "Label": "Rev", "WidthMm": 28}, {"Key": "Scale", "Label": "Scale", "WidthMm": 28}, {"Key": "Date", "Label": "Date", "WidthMm": 28}, {"Key": "DrawnBy", "Label": "Drawn By", "WidthMm": 28}, {"Key": "Status", "Label": "Status", "WidthMm": 30}]
/LayoutEditor__TitleBlock__Config/LayoutEditor__TitleBlock__RowWidthFactorByPaperNote	value	"Every row EXCEPT the Flex ones (the Drawing Title) is this much wider on the paper named - Adam, 21-Sep-2026: on A2 and A1 give the site address and each box on the right '20% more space', the drawing title excepted. Paper sizes not listed use the rows as they are. THE FIFTH IS ON WHAT THE CELL PRINTS AT, not on its WidthMm: RB05's address, 'West Beacon Farm, Deans Lane, Woodhouse Eaves, Leicestershire, LE12 8TE', had already grown its 70 mm cell to 84 to fit, and a fifth on the 70 would have been 84 again - no air at all for the one cell Adam pointed at; it is 100.8 now. THE EXTRA IS PAID ONLY OUT OF THE DRAWING TITLE'S SPARE ROOM, never out of its text: the cells take their fifth only while the strip still has room once every cell - the title included - has the wider of its WidthMm and its text; where it cannot afford all of it (A2 portrait, whose strip is A3 landscape's) every cell gets the same smaller share, down to none. On A2 landscape the fields are left 488 mm between the logo and the QR cell: 272 mm of fixed rows become 326.4, and the title keeps 161.6 of its 216. The logo cell and the QR cell are not rows and do not grow - the QR cell's width is measured to set its note in two even lines. The arithmetic is Na__LeTitleCells__Widen."	"Every row EXCEPT the Flex ones (the Drawing Title) is this much wider on the paper named - Adam, 21-Sep-2026: on A2 and A1 give the site address and each box on the right '20% more space', the drawing title excepted. Paper sizes not listed use the rows as they are. THE FIFTH IS ON WHAT THE CELL PRINTS AT, not on its WidthMm: RB05's site address had already grown its 70 mm cell to 84 to fit, and a fifth on the 70 would have been 84 again - no air at all for the one cell Adam pointed at; it is 100.8 now. THE EXTRA IS PAID ONLY OUT OF THE DRAWING TITLE'S SPARE ROOM, never out of its text: the cells take their fifth only while the strip still has room once every cell - the title included - has the wider of its WidthMm and its text; where it cannot afford all of it (A2 portrait, whose strip is A3 landscape's) every cell gets the same smaller share, down to none. On A2 landscape the fields are left 488 mm between the logo and the QR cell: 272 mm of fixed rows become 326.4, and the title keeps 161.6 of its 216. The logo cell and the QR cell are not rows and do not grow - the QR cell's width is measured to set its note in two even lines. The arithmetic is Na__LeTitleCells__Widen."
/LayoutEditor__TitleBlock__Config/LayoutEditor__TitleBlock__QrCellEnabled	value	true	false
/LayoutEditor__TitleBlock__Config/LayoutEditor__TitleBlock__ClassicScanAssets/A3	value	"./01__AppAssets__TrueVision/06__AppAssets__TitleBlocks/TitleBlock__ClassicScan__A3__.png"	"./02__Src__AppModules/35__System__PageLayoutSystem/PageLayoutSystem__TitleBlock__A3__.png"
/LayoutEditor__TitleBlock__Config/LayoutEditor__TitleBlock__ClassicScanAssets/A4	value	"./01__AppAssets__TrueVision/06__AppAssets__TitleBlocks/TitleBlock__ClassicScan__A3__.png"	"./02__Src__AppModules/35__System__PageLayoutSystem/PageLayoutSystem__TitleBlock__A3__.png"
/LayoutEditor__TitleBlock__Config/LayoutEditor__TitleBlock__ClassicScanAssets/A2	value	"./01__AppAssets__TrueVision/06__AppAssets__TitleBlocks/TitleBlock__ClassicScan__A3__.png"	"./02__Src__AppModules/35__System__PageLayoutSystem/PageLayoutSystem__TitleBlock__A3__.png"
/LayoutEditor__TitleBlock__Config/LayoutEditor__TitleBlock__ClassicScanAssets/A1	value	"./01__AppAssets__TrueVision/06__AppAssets__TitleBlocks/TitleBlock__ClassicScan__A3__.png"	"./02__Src__AppModules/35__System__PageLayoutSystem/PageLayoutSystem__TitleBlock__A3__.png"
/LayoutEditor__TitleBlock__Config/LayoutEditor__TitleBlock__ClassicFieldAnchors/A3/DrawingNumber	VV-only	null	{"X": 330, "Y": 289, "FontMm": 2.4, "Align": "left"}
/LayoutEditor__Scales__Config/LayoutEditor__Scales__Description	value	"Locked scales for 2D viewports (D27). A viewport quotes one of these; the Viewport Settings panel shows one toggle button per scale, finest first (1:20, 1:50, 1:100, 1:200 - the last added 21-Sep-2026, for a whole building or a street on one sheet). The fallback list in Na__LayoutEditor__ConfigState__SheetSetup__.js mirrors this one: a saved scale that is on neither list is coerced to DefaultScaleDenominator on load, so the two must agree. A site plan viewport quotes one of SitePlanScaleDenominators instead. THE SITE PLAN LIST IS THE ONLY ONE THAT COUNTS: SitePlanExportConfig.SupportedScaleDenominators in the Tags SSOT is documentation and is read by nothing. A denominator of 500 or finer is a BLOCK PLAN, which draws the full fill / pattern / linework composite; coarser than 500 is a LOCATION PLAN, which draws only the proposed fills, no hatch patterns, and greyscales every line that is not a boundary or a proposal. THE SCALE ONLY DECIDES A VIEWPORT THAT HAS NOT BEEN TOLD: Viewport__SitePlan.SitePlan__PlanType overrules it, so a large site CAN be drawn as a block plan at 1:1250 and keep its patterns. The rule itself lives in Na__LayoutEditor__SitePlanComposites__Config__.json, which is what the app reads; the sentence here is the note beside the scales it applies to."	"Locked scales for 2D viewports (D27). A viewport quotes one of these; the three-way toggle on the Viewport Settings panel steps through them."
/LayoutEditor__Scales__Config/LayoutEditor__Scales__AvailableScaleDenominators	value	[20, 50, 100, 200]	[20, 50, 100]
/LayoutEditor__Panels__Config/LayoutEditor__Panels__FocusNote	value	"AccordionSections are the sections that behave as one group. FocusSectionOnSelect: selecting something on the sheet, or picking a style with the eyedropper, opens that kind's section and folds the rest of the group, so what is on show is always what is being edited - a room opens Floor Areas, a site plan viewport opens Patterns, and any other viewport folds the whole group, its own section not being in it. Nothing selected leaves the folds as they are. Several can still be opened by hand to compare them; the next selection tidies them away again. CollapseOthersOnOpen goes further and folds the others the moment one is opened by hand."	"AccordionSections are the markup sections that behave as one group. FocusSectionOnSelect: selecting something on the sheet, or picking a style with the eyedropper, opens that kind's section and folds the rest of the group, so what is on show is always what is being edited. Several can still be opened by hand to compare them; the next selection tidies them away again. CollapseOthersOnOpen goes further and folds the others the moment one is opened by hand."
/LayoutEditor__Panels__Config/LayoutEditor__Panels__AccordionSections	value	["text", "dimensions", "shapes", "images", "leaders", "floor-areas", "patterns"]	["text", "dimensions", "shapes", "leaders"]
/LayoutEditor__PlanDoors__Config/LayoutEditor__PlanDoors__SwingCategoryKeys	value	["TrueVision__Linetype__DoorSwings"]	["ValeVision__Linetype__DoorSwings"]
/LayoutEditor__Selection__Config/LayoutEditor__Labels__MeasureOffsetAgain	TV-only	"Type another distance to slide it again."	null
/LayoutEditor__Selection__Config/LayoutEditor__Labels__MeasureNoOffsetSide	TV-only	"Drag the line to one side, then press Enter."	null
/LayoutEditor__Selection__Config/LayoutEditor__Labels__MeasureDimOffsetTitle	TV-only	"Drag the line clear of the drawing, then type how far off it should sit and press Enter. Type another distance to slide it again."	null
/LayoutEditor__Pdf__Config/LayoutEditor__Pdf__Description	value	"jsPDF at true paper size. 2D viewports write the projected linework, dimensions and text as vectors; underlays and 3D viewports are placed as raster images at the Raster block's export level. The vendored UMD build is injected as a classic script on first use. Open Sans is fetched as TTF (the same three cuts the app paints with) and embedded in every document, so Download PDF does not fall back to Helvetica."	"jsPDF at true paper size. 2D viewports write the projected linework, dimensions and text as vectors; underlays and 3D viewports are placed as raster images at the Raster block's export level. The vendored UMD build is injected as a classic script on first use."
/LayoutEditor__Pdf__Config/LayoutEditor__Pdf__Author	value	"Noble Architecture Ltd"	"Vale Garden Houses Limited"
/LayoutEditor__Pdf__Config/LayoutEditor__Pdf__Creator	value	"TrueVision3D Layout Editor"	"ValeVision3D Layout Editor"
/LayoutEditor__Pdf__Config/LayoutEditor__Pdf__JsPdfScriptPath	value	"./04__Lib__ThirdParty__VersionLocked/05__Vendor__JsPdf__v4.1.0/jspdf.umd.js"	"./02__Src__AppModules/35__System__PageLayoutSystem/01__Dependencies__VersionLocked/jspdf.umd.js"
/LayoutEditor__Pdf__Config/LayoutEditor__Pdf__FontBasePath	value	"../01__Assets__NaApps__CommonAssets/NaApps__CommonFonts/"	"https://www.noble-architecture.com/assets/AD04_-_LIBR_-_Common_-_Front-Files/"
/LayoutEditor__Pdf__Config/LayoutEditor__Pdf__FontCdnBase	value	"https://www.noble-architecture.com/na-apps/01__Assets__NaApps__CommonAssets/NaApps__CommonFonts/"	"https://www.noble-architecture.com/assets/AD04_-_LIBR_-_Common_-_Front-Files/"
/LayoutEditor__Pdf__Config/LayoutEditor__Pdf__FontsNote	value	"One TTF per jsPDF style. Weight is the Open Sans cut the app already loads (300 Light, 400 Regular, 600 SemiBold). Style is the jsPDF face name setFont asks for: light, normal, bold. Local FontBasePath is tried first (same origin); FontCdnBase is the fallback, matching Na__CoreUi__Styles__Fonts__.css."	"One TTF per jsPDF style. Weight is the Open Sans cut the app already loads (300 Light, 400 Regular, 600 SemiBold). Style is the jsPDF face name setFont asks for: light, normal, bold. Local FontBasePath is tried first (same origin); FontCdnBase is the fallback, matching Na__CoreUi__Styles__Fonts__.css. In ValeVision both name the AD04 copies that stylesheet already loads (there is no same-origin copy yet), so each cut is fetched once; move both, with the stylesheet, when a Vale-owned copy is named."
/LayoutEditor__Pdf__Config/LayoutEditor__Pdf__Fonts	value	[{"Style": "light", "Weight": 300, "FileName": "CommonFont-01__OpenSans__Light__.ttf"}, {"Style": "normal", "Weight": 400, "FileName": "CommonFont-01__OpenSans__Regular__.ttf"}, {"Style": "bold", "Weight": 600, "FileName": "CommonFont-01__OpenSans__SemiBold__.ttf"}]	[{"Style": "light", "Weight": 300, "FileName": "AD04_03_-_Standard-Font_-_Open-Sans-Light.ttf"}, {"Style": "normal", "Weight": 400, "FileName": "AD04_01_-_Standard-Font_-_Open-Sans-Regular.ttf"}, {"Style": "bold", "Weight": 600, "FileName": "AD04_02_-_Standard-Font_-_Open-Sans-SemiBold.ttf"}]
/LayoutEditor__Specification__Config/LayoutEditor__Specification__Description	value	"The Project Specification tab: every drawing note of the project, in groups. A group has a prefix (GN, SN, EE) and a title; a note has a title and its specification text. A note's code is its group's prefix and its place in the group, zero-padded to NumberDigits - GN01, EE02 - so moving a note up or down, moving it to another group or changing its group's prefix renumbers it. Specification bubbles on the sheets link to a note by its id, not its code, so a renumber reaches every bubble on every sheet. The specification is a file of its own (FileName) beside TrueVision__ProjectData__.json, kept locally in the project folder so an agent can edit it on disk, and written to the same R2 key on Sync. LegacyFileName is the previous R2 name, read only when FileName is not there yet. The file is read when the drawing editor opens. Every edit is kept in this browser at once (DraftEnabled, written DraftDebounceMs after the typing pauses); Sync writes the whole file to R2 and to the local copy, and first asks whether to replace a cloud copy that changed since it was read (ConfirmCloudOverwrite). HistorySteps is the tab's own undo depth."	"The Project Specification tab: every drawing note of the project, in groups. A group has a prefix (GN, SN, EE) and a title; a note has a title and its specification text. A note's code is its group's prefix and its place in the group, zero-padded to NumberDigits - GN01, EE02 - so moving a note up or down, moving it to another group or changing its group's prefix renumbers it. Specification bubbles on the sheets link to a note by its id, not its code, so a renumber reaches every bubble on every sheet. The specification is a file of its own (FileName) beside project.json, kept locally in the project folder so an agent can edit it on disk, and written to the same R2 key on Sync. LegacyFileName is the previous R2 name, read only when FileName is not there yet. The file is read when the drawing editor opens. Every edit is kept in this browser at once (DraftEnabled, written DraftDebounceMs after the typing pauses); Sync writes the whole file to R2 and to the local copy, and first asks whether to replace a cloud copy that changed since it was read (ConfirmCloudOverwrite). HistorySteps is the tab's own undo depth."
/LayoutEditor__Specification__Config/LayoutEditor__Specification__FileName	value	"TrueVision__DrawingNotes__.json"	"ValeVision__DrawingNotes__.json"
/LayoutEditor__Specification__Config/LayoutEditor__Specification__LegacyFileName	value	"TrueVision__ProjectSpecification__.json"	""
/LayoutEditor__Specification__Config/LayoutEditor__Specification__RevisionNote	value	"The specification is a document that gets issued, so it carries a revision and a number of its own, the way each sheet carries a Rev and a Drawing No. Both are typed in the Project Specification bar, both print on the document, and both name the downloaded file through the shared Pdf FilenamePattern. DefaultRevision is what an untouched specification opens at, and what a specification written before these fields existed is read as. DocumentNumberSuffix is appended to the project code when no number has been typed, so PS01 gives PS01_SPEC; type PS01_T02_SPEC over it to sit with the sheets."	"The specification is a document that gets issued, so it carries a revision and a number of its own, the way each sheet carries a Rev and a Drawing No. Both are typed in the Project Specification bar, both print on the document, and both name the downloaded file through the shared Pdf FilenamePattern. DefaultRevision is what an untouched specification opens at, and what a specification written before these fields existed is read as. DocumentNumberSuffix is appended to the project code when no number has been typed, so PS01 gives PS01_SPEC."
/LayoutEditor__MarginNotes__Config/LayoutEditor__MarginNotes__Description	value	"The notes margin a sheet can carry down its right-hand side, from the top of the border to the title block. Switched on per sheet with Show notes margin in the Margin Notes panel; drag its left edge to make it wider or narrower. It lists any groups the sheet lists without leaders first (LeaderlessNote), then the specification notes the sheet's bubbles link to, in specification order, then the general notes. Distances and text sizes are paper millimetres except the divider and rule (printed points). TextSizeMm is the body (2 mm); titles are TitleScale times that. PaddingMm is the left and top/foot inset; PaddingRightMm is the clearance before the sheet's right border, a little more so wrapped lines do not clip. A note reads as its code, CodePipe, then its title, with the body wrapped to the full inner width. A faint RuleColour line at RulePt sits between notes, centred in the gap between them: NoteGapMm is the least that gap can be, and decides what fits; when every note fits and the column has room left at the foot, every gap opens by the same amount, up to NoteGapMaxMm. IncludeGeneralNotes and GroupHeadings are what a newly switched-on margin starts with."	"The notes margin a sheet can carry down its right-hand side, from the top of the border to the title block. Switched on per sheet with the Notes button on the toolbar or in the Margin Notes panel; drag its left edge to make it wider or narrower. It lists the specification notes the sheet's bubbles link to, in specification order, then the general notes. Distances and text sizes are paper millimetres except the divider and rule (printed points). TextSizeMm is the body (2 mm); titles are TitleScale times that. PaddingMm is the left and top/foot inset; PaddingRightMm is the clearance before the sheet's right border, a little more so wrapped lines do not clip. A note reads as its code, CodePipe, then its title, with the body wrapped to the full inner width. A faint RuleColour line at RulePt sits between notes, centred in the gap between them: NoteGapMm is the least that gap can be, and decides what fits; when every note fits and the column has room left at the foot, every gap opens by the same amount, up to NoteGapMaxMm. IncludeGeneralNotes and GroupHeadings are what a newly switched-on margin starts with."
/LayoutEditor__Labels__Config/LayoutEditor__Labels__TabLabelFormatNote	value	"What a sheet is called on its tab, the toolbar and every list that names one: {code} is the short code cut from the Drawing Register's number ('PS01_T02_D03' gives 'D03'), {name} the sheet's short name. The whole drawing number stays on the tab's hover and the title block. With {name} empty this is also the fixed text in front of the Sheet panel's Name box ('D03 -')."	"What a sheet is called on its tab, the toolbar and every list that names one: {code} is the short code cut from the sheet's Drawing No. ('PS01_T02_D03' gives 'D03'), {name} the sheet's short name. A sheet with no Drawing No. shows its name alone. With {name} empty this is also the fixed text in front of the Sheet panel's Name box ('D03 -')."
/LayoutEditor__Labels__Config/LayoutEditor__Labels__StatusTitle	value	"What this drawing is issued for. It prints in the last cell of the title block, and can also be chosen on the drawing's row in the Drawing Register. The list is LayoutEditor__TitleBlock__Statuses."	"What this drawing is issued for. It prints in the last cell of the title block. The list is LayoutEditor__TitleBlock__Statuses."
/LayoutEditor__Labels__Config/LayoutEditor__Labels__SheetNameCodeTitle	value	"Drawing {number}. The number comes from the Drawing Register and follows it by itself - type only the short name."	"Drawing {number}. Cut from the Drawing No. below - type only the short name here."
/LayoutEditor__Labels__Config/LayoutEditor__Labels__SitePlanNoData	value	"No site plan data for this project. In SketchUp: GLB Builder, Export Site Plan Data, into 30__TrueVision__AppContent/SitePlan__DrawingData."	"No site plan data for this project. In SketchUp: GLB Builder, Export Site Plan Data, into the project folder's SitePlan__DrawingData."
/LayoutEditor__Labels__Config/LayoutEditor__Labels__NoSheets	value	"No sheets yet. New Sheet below makes the first; the tab strip and its Drawings menu appear with it."	"No sheets yet. New Sheet makes the first one and opens it."
/LayoutEditor__Labels__Config/LayoutEditor__Labels__TabsPreviousTitle	value	"The tab before this one"	"The drawing before this one"
/LayoutEditor__Labels__Config/LayoutEditor__Labels__TabsNextTitle	value	"The tab after this one"	"The drawing after this one"
/LayoutEditor__Labels__Config/LayoutEditor__Labels__ToolMoveTitle	value	"Move tool (M): drag to move whatever is under the pointer. It comes up by itself when Select picks text, a vector, a leader's bubble or a group, and goes back to Select when you click anything else. Viewports and dimensions only move once M is pressed, so a drawing is never shifted by accident; Escape goes back to Select."	"Move tool (M): drag to move whatever is under the pointer. With the Select tool a drag moves nothing, so nothing is shifted by accident; Escape puts every tool down."
/LayoutEditor__Labels__Config/LayoutEditor__Labels__ToolSelectTitle	value	"Select (V or space): click to pick, drag from bare paper to box-select. Picking text, a vector, a leader's bubble or a group picks the Move tool up too, so the next drag moves it. Double-click a group, a vector or a dimension to edit inside it, or text to type in it. Press M to move a viewport or a dimension."	"Select (V or space): click to pick, drag from bare paper to box-select. Double-click a group, a vector or a dimension to edit inside it. Press M to move things; Escape always comes back here."
/LayoutEditor__Labels__Config/LayoutEditor__Labels__SpecificationTab	value	"Specification"	"Project Specification"
/LayoutEditor__Labels__Config/LayoutEditor__Labels__PdfMarginOverflow	value	"PDF downloaded, but {count} note(s) did not fit and were left out. Widen the notes margin, enlarge a note region or make the text smaller."	"PDF downloaded, but {count} margin note(s) did not fit and were left out. Widen the notes margin or make its text smaller."
/LayoutEditor__Labels__Config/LayoutEditor__Labels__MeasureIdleTitle	value	"Pick the Draw (L), Rectangle (R) or Dimension (D) tool to type sizes here, or move something and type how far."	"Pick the Draw (L), Rectangle (R) or Dimension (D) tool to type sizes here, or drag a vertex or a viewport."
/LayoutEditor__Labels__Config/LayoutEditor__Labels__MeasurePaperTitle	value	"Typed and shown in paper millimetres. Tick Draw at scale (Vectors) or Measure at scale (Dimensions) to work at the drawing's scale."	"Typed and shown in paper millimetres. Drawings and dimensions default to at-scale so typed sizes follow the drawing."
/LayoutEditor__Labels__Config/LayoutEditor__Labels__MeasureViewportTitle	value	"Drag the viewport the way to go, type a length and press Enter - 2500, 2,500 or 2.5m. A number with no unit is millimetres at the viewport's scale. Type another length to move it again."	"Drag the viewport the way to go, type a length and press Enter - 2500, 2,500 or 2.5m. A number with no unit is millimetres at the viewport's scale."
/LayoutEditor__Labels__Config/LayoutEditor__Labels__LayoutModeLabel	VV-only	null	"Enable Layout Mode"
/LayoutEditor__Labels__Config/LayoutEditor__Labels__LayoutModeHint	VV-only	null	"Shows this project's drawing tabs, here and on the live site, once it has a sheet. Saved with the project."
/LayoutEditor__Labels__Config/LayoutEditor__Labels__LayoutModeOffNote	VV-only	null	"Off for this project: no drawing tabs, here or on the live site."
/LayoutEditor__Labels__Config/LayoutEditor__Labels__MarginToggle	VV-only	null	"Notes"
/LayoutEditor__Labels__Config/LayoutEditor__Labels__MarginToggleTitle	VV-only	null	"Show the notes margin on this sheet: the specification notes its bubbles link to, with the general notes last. Drag its left edge to resize it."
/LayoutEditor__Labels__Config/LayoutEditor__Labels__MeasureOffsetAgain	VV-only	null	"Type another distance to slide it again."
/LayoutEditor__Labels__Config/LayoutEditor__Labels__MeasureNoOffsetSide	VV-only	null	"Drag the line to one side, then press Enter."
/LayoutEditor__Labels__Config/LayoutEditor__Labels__MeasureDimOffsetTitle	VV-only	null	"Drag the line clear of the drawing, then type how far off it should sit and press Enter. Type another distance to slide it again."
/LayoutEditor__DrawingRegister__Config/LayoutEditor__DrawingRegister__PdfJsScriptPath	value	"/na-apps/20__PlanVision__CoreAppCode/01__AppDependencies__VersionLocked/PdfJs__3.11.174/build/pdf.min.js"	"./04__Lib__ThirdParty__VersionLocked/07__Vendor__PdfJs__v3.11.174/build/pdf.min.js"
/LayoutEditor__DrawingRegister__Config/LayoutEditor__DrawingRegister__PdfJsWorkerPath	value	"/na-apps/20__PlanVision__CoreAppCode/01__AppDependencies__VersionLocked/PdfJs__3.11.174/build/pdf.worker.min.js"	"./04__Lib__ThirdParty__VersionLocked/07__Vendor__PdfJs__v3.11.174/build/pdf.worker.min.js"
/LayoutEditor__DrawingRegister__Config/LayoutEditor__DrawingRegister__ColumnsSchemaNote	value	"The first three columns are the document code taken apart: drawingNo is the sequential number the register writes and the tabs read, phase is which stage of the job the drawing belongs to, and documentCode is those two behind the project code, composed. Read left to right they build the identifier the title block prints. See TrueVision__NOTES__DrawingNumberingSchema__.md."	"The first three columns are the document code taken apart: drawingNo is the sequential number the register writes and the tabs read, phase is which stage of the job the drawing belongs to, and documentCode is those two behind the project code, composed. Read left to right they build the identifier the title block prints. See the DrawingNumberingSchema NOTES in TrueVision3D."
/LayoutEditor__DrawingRegister__Config/LayoutEditor__DrawingRegister__Phases	value	[{"Code": "T01", "Name": "Concept"}, {"Code": "T02", "Name": "Planning"}, {"Code": "T03", "Name": "Building Regs"}, {"Code": "T04", "Name": "Site & Remedial"}]	[]
/LayoutEditor__DrawingRegister__Config/LayoutEditor__DrawingRegister__DefaultPhaseNote	value	"What a sheet is read as when its phase has never been set, including every drawing made before the phase existed. Adam chose T01 on 19-Sep-2026: a drawing that has not declared its stage is a concept drawing, and saying so is honest where guessing Planning would quietly mislabel a whole back catalogue."	"What a sheet is read as when its phase has never been set, including every drawing made before the phase existed. Empty until Vale's own stage list is supplied (Phases is empty too), so a sheet declares no phase and its document code reads {project}_{drawing}. Set the two together, and before the first drawing is published: a document code names published folders."
/LayoutEditor__DrawingRegister__Config/LayoutEditor__DrawingRegister__DefaultPhase	value	"T01"	""
/LayoutEditor__DrawingRegister__Config/LayoutEditor__DrawingRegister__DocumentCodeFormat	value	"{project}_{phase}_{drawing}"	"{project}_{drawing}"
/LayoutEditor__DrawingRegister__Config/LayoutEditor__DrawingRegister__LetterheadLogoAspect	value	4.096	4.5
/LayoutEditor__Statement__Config/LayoutEditor__Statement__Description	value	"The Statement Writer tab: the project's written documents - a pre-application statement, a design and access statement, a heritage statement - each authored in markdown and read as one endless A4 page. A statement is a FOLDER under FolderName in the project's TrueVision content, holding one markdown file and the pictures it uses. The folders are numbered (01__, 02__) so they order themselves, and IndexFileName is the sibling JSON that remembers which markdown file in each folder is the statement, what it is called and when it was last published. Everything else in a statement folder - project notes, reference photography - is left alone: this app owns one file per folder and touches nothing beside it."	"The Statement Writer tab: the project's written documents - a pre-application statement, a design and access statement, a heritage statement - each authored in markdown and read as one endless A4 page. A statement is a FOLDER under FolderName in the project's folder, holding one markdown file and the pictures it uses. The folders are numbered (01__, 02__) so they order themselves, and IndexFileName is the sibling JSON that remembers which markdown file in each folder is the statement, what it is called and when it was last published. Everything else in a statement folder - project notes, reference photography - is left alone: this app owns one file per folder and touches nothing beside it."
/LayoutEditor__Statement__Config/LayoutEditor__Statement__IndexFileName	value	"TrueVision__StatementDocs__.json"	"ValeVision__StatementDocs__.json"
/LayoutEditor__Statement__Config/LayoutEditor__Statement__NamingNote	value	"A new statement is named from what is typed in the manager. The folder takes the next free two-digit prefix and the typed title with its spaces removed; the markdown file takes the project code, the tranche, an S-number counted across the project's statements, the project name and the same title. Typing \"Design & Access Statement\" into project RB05 therefore gives 02__DesignAccessStatement and RB05_T01_S02__WestFarm__DesignAccessStatement__.md. Both can be renamed afterwards."	"A new statement is named from what is typed in the manager. The folder takes the next free two-digit prefix and the typed title with its spaces removed; the markdown file takes the project code, the tranche, an S-number counted across the project's statements, the project name and the same title. Typing \"Design & Access Statement\" therefore gives the folder 02__DesignAccessStatement and a markdown file named by FilePattern, ending __DesignAccessStatement__.md. Both can be renamed afterwards."
/LayoutEditor__Statement__Config/LayoutEditor__Statement__AutoSaveLocalNote	value	"How long the typing must pause before the markdown is written to the local file through the ProjectVision server. The local copy is a mirror, not the record, so this is frequent and silent; R2 is only written when Publish is pressed."	"How long the typing must pause before the markdown is written to the local file through the local server. The local copy is a mirror, not the record, so this is frequent and silent; R2 is only written when Publish is pressed."
/LayoutEditor__Statement__Config/LayoutEditor__Statement__StylesheetUrl	value	"https://www.noble-architecture.com/na-apps/30__TrueVision__CoreAppCode/02__Src__AppModules/51__System__LayoutEditor/52__Feature__StatementWriter/08__Style__Stylesheets/Na__LayoutEditor__Styles__Statement__Document__.css"	"https://adam-noble-01.github.io/ValeCodebase/WebApps/ValeVision3D/02__Src__AppModules/51__System__LayoutEditor/52__Feature__StatementWriter/08__Style__Stylesheets/Na__LayoutEditor__Styles__Statement__Document__.css"
/LayoutEditor__Statement__Config/LayoutEditor__Statement__Enabled	VV-only	null	false
/LayoutEditor__Statement__Config/LayoutEditor__Statement__EnabledNote	VV-only	null	"ValeVision only: whether the Design Statements tab is built at all. Off until it is decided that Vale projects carry written statements; the Statement Writer's code is present either way, so switching it on is this one value. TrueVision has no such switch and always builds the tab."
